population_rank,city,state,region,population,priority_tier,has_cnc_coverage,cnc_event_count,total_event_count,track_event_count,show_event_count,autocross_event_count,nearest_event_distance_miles,last_coverage_check
1,New York,NY,Mid-Atlantic,8336817,1,true,19,28,0,3,3,2.556216910943885,2025-12-15T23:12:46.131324+00:00
2,Los Angeles,CA,Pacific,3979576,1,true,23,46,0,9,0,0,2025-12-15T23:12:46.131324+00:00
3,Chicago,IL,Great Lakes,2696555,1,true,10,19,0,6,0,0,2025-12-15T23:12:46.131324+00:00
4,Houston,TX,Southwest,2304580,1,true,13,22,0,3,3,0.7752733713505748,2025-12-15T23:12:46.131324+00:00
5,Phoenix,AZ,Southwest,1608139,1,true,13,32,0,5,0,5.495919350841137,2025-12-15T23:12:46.131324+00:00
6,Philadelphia,PA,Mid-Atlantic,1576251,1,true,7,11,0,3,0,0.3302097134534461,2025-12-15T23:12:46.131324+00:00
7,San Antonio,TX,Southwest,1495295,1,true,4,5,0,0,1,0,2025-12-15T23:12:46.131324+00:00
8,San Diego,CA,Pacific,1388320,1,true,9,12,0,2,1,0.9033560705493975,2025-12-15T23:12:46.131324+00:00
9,Dallas,TX,Southwest,1302868,1,true,18,20,0,0,0,0.25339288676204447,2025-12-15T23:12:46.131324+00:00
10,San Jose,CA,Pacific,1026908,1,true,1,5,0,4,0,3.504972644177298,2025-12-15T23:12:46.131324+00:00
11,Austin,TX,Southwest,979882,1,true,14,23,6,0,0,0,2025-12-15T23:12:46.131324+00:00
12,Jacksonville,FL,Southeast,954614,1,true,4,10,0,2,0,8.216296394040107,2025-12-15T23:12:46.131324+00:00
13,Fort Worth,TX,Southwest,956709,1,true,10,19,4,2,2,14.253547427864023,2025-12-15T23:12:46.131324+00:00
14,Columbus,OH,Great Lakes,906528,1,true,4,6,0,2,0,2.7502673653002083,2025-12-15T23:12:46.131324+00:00
15,Charlotte,NC,Southeast,897720,1,true,16,16,0,0,0,12.504311083261925,2025-12-15T23:12:46.131324+00:00
16,San Francisco,CA,Pacific,874961,1,true,8,18,6,1,0,8.715045146159392,2025-12-15T23:12:46.131324+00:00
17,Indianapolis,IN,Great Lakes,879293,1,true,6,12,0,1,0,0.3762211764341765,2025-12-15T23:12:46.131324+00:00
18,Seattle,WA,Pacific,749256,1,true,12,16,0,2,2,13.829366594577461,2025-12-15T23:12:46.131324+00:00
19,Denver,CO,Mountain,716492,1,true,13,18,0,0,4,4.591035311722349,2025-12-15T23:12:46.131324+00:00
20,Washington,DC,Mid-Atlantic,678972,1,true,16,20,0,2,0,0.8365129865627817,2025-12-15T23:12:46.131324+00:00
21,Boston,MA,New England,675647,1,true,11,15,0,4,0,5.006544201578022,2025-12-15T23:12:46.131324+00:00
22,El Paso,TX,Southwest,678415,1,true,2,2,0,0,0,6.333911727931092,2025-12-15T23:12:46.131324+00:00
23,Nashville,TN,Southeast,683622,1,true,10,13,0,3,0,2.285177951894069,2025-12-15T23:12:46.131324+00:00
24,Oklahoma City,OK,Southwest,687725,1,true,3,5,0,0,0,0,2025-12-15T23:12:46.131324+00:00
25,Las Vegas,NV,Pacific,660929,1,true,6,12,0,0,0,2.7164213817049867,2025-12-15T23:12:46.131324+00:00
26,Detroit,MI,Great Lakes,633218,1,true,7,20,0,4,4,0.33694050956948884,2025-12-15T23:12:46.131324+00:00
27,Portland,OR,Pacific,641162,1,true,9,15,2,0,0,0,2025-12-15T23:12:46.131324+00:00
28,Memphis,TN,Southeast,628127,1,true,1,1,0,0,0,14.18805073458343,2025-12-15T23:12:46.131324+00:00
29,Louisville,KY,Southeast,620118,1,true,1,1,0,0,0,6.088141451764919,2025-12-15T23:12:46.131324+00:00
30,Milwaukee,WI,Great Lakes,563305,1,true,2,3,0,0,0,0.4216162866163722,2025-12-15T23:12:46.131324+00:00
31,Baltimore,MD,Mid-Atlantic,569931,1,true,2,7,0,0,3,7.780303648616242,2025-12-15T23:12:46.131324+00:00
32,Albuquerque,NM,Southwest,562599,1,true,5,5,0,0,0,4.956506935826152,2025-12-15T23:12:46.131324+00:00
33,Tucson,AZ,Southwest,543242,1,true,2,2,0,0,0,9.972641917507715,2025-12-15T23:12:46.131324+00:00
34,Fresno,CA,Pacific,545567,1,true,2,2,0,0,0,0,2025-12-15T23:12:46.131324+00:00
35,Sacramento,CA,Pacific,528001,1,true,3,3,0,0,0,13.536146546323861,2025-12-15T23:12:46.131324+00:00
36,Mesa,AZ,Southwest,511648,1,true,13,32,0,5,0,6.2985859646916476,2025-12-15T23:12:46.131324+00:00
37,Kansas City,MO,Plains,508090,1,true,6,7,0,0,0,3.1373906200342487,2025-12-15T23:12:46.131324+00:00
38,Atlanta,GA,Southeast,499127,1,true,21,34,0,5,7,0,2025-12-15T23:12:46.131324+00:00
39,Omaha,NE,Plains,486051,1,true,2,3,0,0,0,6.0375715614404655,2025-12-15T23:12:46.131324+00:00
40,Colorado Springs,CO,Mountain,488664,1,true,1,3,0,0,0,0,2025-12-15T23:12:46.131324+00:00
41,Raleigh,NC,Southeast,474069,1,true,10,10,0,0,0,4.136687478302481,2025-12-15T23:12:46.131324+00:00
42,Long Beach,CA,Pacific,466776,1,true,24,46,0,8,0,0,2025-12-15T23:12:46.131324+00:00
43,Virginia Beach,VA,Mid-Atlantic,454808,1,true,5,6,0,0,0,0,2025-12-15T23:12:46.131324+00:00
44,Miami,FL,Southeast,449514,1,true,16,23,4,0,1,0,2025-12-15T23:12:46.131324+00:00
45,Oakland,CA,Pacific,430553,1,true,8,22,6,5,0,14.910256087958944,2025-12-15T23:12:46.131324+00:00
46,Minneapolis,MN,Great Lakes,425115,1,true,9,10,0,0,0,0,2025-12-15T23:12:46.131324+00:00
47,Tulsa,OK,Southwest,411894,1,true,2,3,0,0,0,0,2025-12-15T23:12:46.131324+00:00
48,Bakersfield,CA,Pacific,410647,1,true,1,8,1,1,0,0,2025-12-15T23:12:46.131324+00:00
49,Tampa,FL,Southeast,403364,1,true,15,16,0,1,0,4.125271611801426,2025-12-15T23:12:46.131324+00:00
50,Arlington,TX,Southwest,398854,1,true,18,26,0,2,2,2.6000468196391995,2025-12-15T23:12:46.131324+00:00
51,Wichita,KS,Plains,397532,2,true,1,1,0,0,0,0,2025-12-15T23:12:46.131324+00:00
52,New Orleans,LA,Southeast,376971,2,true,1,1,0,0,0,6.148871399182431,2025-12-15T23:12:46.131324+00:00
53,Cleveland,OH,Great Lakes,367991,2,true,2,5,0,0,3,11.127200781276375,2025-12-15T23:12:46.131324+00:00
54,Aurora,CO,Mountain,394759,2,true,13,19,0,0,4,13.028515835981372,2025-12-15T23:12:46.131324+00:00
55,Anaheim,CA,Pacific,353085,2,true,26,55,2,8,10,2.5439619519379892,2025-12-15T23:12:46.131324+00:00
56,Honolulu,HI,Pacific,343302,2,true,1,1,0,0,0,1.3443882272693881,2025-12-15T23:12:46.131324+00:00
57,Henderson,NV,Pacific,331893,2,true,6,12,0,0,0,8.02851070986185,2025-12-15T23:12:46.131324+00:00
58,Stockton,CA,Pacific,322120,2,true,3,3,0,0,0,0,2025-12-15T23:12:46.131324+00:00
59,Lexington,KY,Southeast,323780,2,true,1,1,0,0,0,0,2025-12-15T23:12:46.131324+00:00
60,Riverside,CA,Pacific,316199,2,true,10,24,2,1,11,0,2025-12-15T23:12:46.131324+00:00
61,Santa Ana,CA,Pacific,309441,2,true,26,34,0,4,0,3.8017183579144307,2025-12-15T23:12:46.131324+00:00
62,Orlando,FL,Southeast,316401,2,true,5,7,0,0,0,0.6567380178785704,2025-12-15T23:12:46.131324+00:00
63,Irvine,CA,Pacific,310149,2,true,13,21,0,4,1,0,2025-12-15T23:12:46.131324+00:00
64,Newark,NJ,Mid-Atlantic,305220,2,true,12,19,0,1,3,7.425757908408912,2025-12-15T23:12:46.131324+00:00
65,Cincinnati,OH,Great Lakes,311097,2,true,5,5,0,0,0,9.913723706822262,2025-12-15T23:12:46.131324+00:00
66,St. Paul,MN,Great Lakes,310037,2,true,9,10,0,0,0,8.716054400987735,2025-12-15T23:12:46.131324+00:00
67,Pittsburgh,PA,Mid-Atlantic,302971,2,true,2,2,0,0,0,11.044533917220344,2025-12-15T23:12:46.131324+00:00
68,Greensboro,NC,Southeast,301601,2,true,3,3,0,0,0,0,2025-12-15T23:12:46.131324+00:00
69,Lincoln,NE,Plains,295222,2,true,1,6,0,0,5,0,2025-12-15T23:12:46.131324+00:00
70,Durham,NC,Southeast,291992,2,true,10,10,0,0,0,17.487935345810136,2025-12-15T23:12:46.131324+00:00
71,St. Louis,MO,Plains,293310,2,true,5,5,0,0,0,14.900546221818251,2025-12-15T23:12:46.131324+00:00
72,Plano,TX,Southwest,288253,2,true,8,10,0,0,0,8.358669829165217,2025-12-15T23:12:46.131324+00:00
73,Jersey City,NJ,Mid-Atlantic,287559,2,true,12,19,0,1,3,3.4626600337785183,2025-12-15T23:12:46.131324+00:00
74,Chandler,AZ,Southwest,282286,2,true,14,32,0,5,0,10.025427757292523,2025-12-15T23:12:46.131324+00:00
75,Chula Vista,CA,Pacific,280869,2,true,9,12,0,2,1,7.019518550902724,2025-12-15T23:12:46.131324+00:00
76,Buffalo,NY,Mid-Atlantic,276807,2,true,2,2,0,0,0,1.9147726628127708,2025-12-15T23:12:46.131324+00:00
77,Gilbert,AZ,Southwest,275411,2,true,13,32,0,5,0,10.059672739370933,2025-12-15T23:12:46.131324+00:00
78,North Las Vegas,NV,Pacific,274417,2,true,6,12,0,0,0,5.015742439934788,2025-12-15T23:12:46.131324+00:00
79,Norfolk,VA,Mid-Atlantic,235430,2,true,6,7,0,0,0,0,2025-12-15T23:12:46.131324+00:00
80,Madison,WI,Great Lakes,272903,2,true,1,1,0,0,0,0,2025-12-15T23:12:46.131324+00:00
81,Reno,NV,Pacific,268828,2,true,2,2,0,0,0,0,2025-12-15T23:12:46.131324+00:00
82,Fort Wayne,IN,Great Lakes,264616,2,true,1,1,0,0,0,0,2025-12-15T23:12:46.131324+00:00
83,Laredo,TX,Southwest,261776,2,true,1,1,0,0,0,0,2025-12-15T23:12:46.131324+00:00
84,Toledo,OH,Great Lakes,265304,2,true,1,1,0,0,0,0,2025-12-15T23:12:46.131324+00:00
85,Lubbock,TX,Southwest,264268,2,true,1,1,0,0,0,0,2025-12-15T23:12:46.131324+00:00
86,St. Petersburg,FL,Southeast,261338,2,true,13,14,0,1,0,1.2365488803422078,2025-12-15T23:12:46.131324+00:00
87,Irving,TX,Southwest,256684,2,true,18,25,0,2,2,7.561723782319256,2025-12-15T23:12:46.131324+00:00
88,Scottsdale,AZ,Southwest,260782,2,true,12,31,0,5,0,0.13914345649923254,2025-12-15T23:12:46.131324+00:00
89,Glendale,AZ,Southwest,252381,2,true,12,31,0,5,0,4.4769522027025,2025-12-15T23:12:46.131324+00:00
90,Winston-Salem,NC,Southeast,252268,2,true,3,3,0,0,0,0,2025-12-15T23:12:46.131324+00:00
91,Chesapeake,VA,Mid-Atlantic,254997,2,true,6,7,0,0,0,0,2025-12-15T23:12:46.131324+00:00
92,Garland,TX,Southwest,249425,2,true,8,10,0,0,0,11.880932943484082,2025-12-15T23:12:46.131324+00:00
94,Fremont,CA,Pacific,230504,2,true,7,13,0,4,0,9.717440395482468,2025-12-15T23:12:46.131324+00:00
95,Boise,ID,Mountain,235684,2,true,1,1,0,0,0,0.33197594662602115,2025-12-15T23:12:46.131324+00:00
96,Richmond,VA,Mid-Atlantic,233655,2,true,2,2,0,0,0,0,2025-12-15T23:12:46.131324+00:00
97,Baton Rouge,LA,Southeast,225128,2,true,1,1,0,0,0,0,2025-12-15T23:12:46.131324+00:00
98,Spokane,WA,Pacific,230160,2,true,1,1,0,0,0,0,2025-12-15T23:12:46.131324+00:00
99,Des Moines,IA,Plains,212031,2,true,2,5,0,2,1,3.119208979363372,2025-12-15T23:12:46.131324+00:00
100,Tacoma,WA,Pacific,222209,2,true,11,15,0,2,2,1.8588395535186741,2025-12-15T23:12:46.131324+00:00
101,Modesto,CA,Pacific,218464,3,true,2,4,0,0,2,0,2025-12-15T23:12:46.131324+00:00
102,San Bernardino,CA,Pacific,222101,3,true,13,27,2,1,11,0,2025-12-15T23:12:46.131324+00:00
103,Fontana,CA,Pacific,217235,3,true,10,24,2,1,11,0,2025-12-15T23:12:46.131324+00:00
104,Moreno Valley,CA,Pacific,216845,3,true,10,23,2,0,11,0,2025-12-15T23:12:46.131324+00:00
105,Santa Clarita,CA,Pacific,228673,3,true,13,31,0,5,0,0,2025-12-15T23:12:46.131324+00:00
106,Fayetteville,NC,Southeast,214219,3,true,1,1,0,0,0,0,2025-12-15T23:12:46.131324+00:00
107,Birmingham,AL,Southeast,197575,3,true,2,9,6,0,0,7.684165076431581,2025-12-15T23:12:46.131324+00:00
108,Rochester,NY,Mid-Atlantic,208046,3,true,1,1,0,0,0,0,2025-12-15T23:12:46.131324+00:00
109,Oxnard,CA,Pacific,201879,3,true,3,6,0,1,0,0,2025-12-15T23:12:46.131324+00:00
110,Port St. Lucie,FL,Southeast,231790,3,true,1,1,0,0,0,0,2025-12-15T23:12:46.131324+00:00
111,Grand Rapids,MI,Great Lakes,199417,3,true,2,2,0,0,0,0,2025-12-15T23:12:46.131324+00:00
112,Huntsville,AL,Southeast,223205,3,true,2,2,0,0,0,0,2025-12-15T23:12:46.131324+00:00
113,Salt Lake City,UT,Mountain,202766,3,true,11,12,0,0,0,0,2025-12-15T23:12:46.131324+00:00
114,Yonkers,NY,Mid-Atlantic,199663,3,true,25,34,0,3,3,9.030116583841933,2025-12-15T23:12:46.131324+00:00
115,Glendale,CA,Pacific,196543,3,true,23,45,0,9,0,5.15822769425892,2025-12-15T23:12:46.131324+00:00
116,Huntington Beach,CA,Pacific,198711,3,true,24,31,0,3,0,8.659151680832334,2025-12-15T23:12:46.131324+00:00
117,McKinney,TX,Southwest,211166,3,true,8,8,0,0,0,13.808913612887023,2025-12-15T23:12:46.131324+00:00
118,Montgomery,AL,Southeast,198218,3,true,1,1,0,0,0,0,2025-12-15T23:12:46.131324+00:00
119,Amarillo,TX,Southwest,199371,3,true,1,1,0,0,0,0,2025-12-15T23:12:46.131324+00:00
120,Little Rock,AR,Southeast,203401,3,true,1,1,0,0,0,8.998612650365908,2025-12-15T23:12:46.131324+00:00
121,Akron,OH,Great Lakes,188960,3,true,2,2,0,0,0,28.845597357245722,2025-12-15T23:12:46.131324+00:00
122,Augusta,GA,Southeast,202081,3,true,1,1,0,0,0,0,2025-12-15T23:12:46.131324+00:00
123,Grand Prairie,TX,Southwest,194543,3,true,18,25,0,2,2,6.474627352716373,2025-12-15T23:12:46.131324+00:00
124,Columbus,GA,Southeast,199391,3,true,1,1,0,0,0,0,2025-12-15T23:12:46.131324+00:00
125,Mobile,AL,Southeast,184952,3,true,1,1,0,0,0,0,2025-12-15T23:12:46.131324+00:00
126,Overland Park,KS,Plains,199548,3,true,6,7,0,0,0,6.49037988553297,2025-12-15T23:12:46.131324+00:00
127,Tallahassee,FL,Southeast,201731,3,true,1,1,0,0,0,0,2025-12-15T23:12:46.131324+00:00
128,Knoxville,TN,Southeast,193648,3,true,1,2,0,0,0,0,2025-12-15T23:12:46.131324+00:00
129,Worcester,MA,New England,206518,3,true,1,5,3,0,1,0,2025-12-15T23:12:46.131324+00:00
130,Brownsville,TX,Southwest,187831,3,true,1,1,0,0,0,0,2025-12-15T23:12:46.131324+00:00
132,Providence,RI,New England,190934,3,true,4,5,0,1,0,0.36201306920251125,2025-12-15T23:12:46.131324+00:00
133,Fort Lauderdale,FL,Southeast,186220,3,true,16,20,0,2,0,12.386739686731394,2025-12-15T23:12:46.131324+00:00
134,Tempe,AZ,Southwest,185587,3,true,13,32,0,5,0,0.006909758508645552,2025-12-15T23:12:46.131324+00:00
135,Santa Rosa,CA,Pacific,178127,3,true,1,10,6,1,0,0,2025-12-15T23:12:46.131324+00:00
136,Peoria,AZ,Southwest,195189,3,true,12,31,0,5,0,3.932764910676319,2025-12-15T23:12:46.131324+00:00
137,Eugene,OR,Pacific,176654,3,true,1,1,0,0,0,0,2025-12-15T23:12:46.131324+00:00
138,Rancho Cucamonga,CA,Pacific,179326,3,true,9,23,2,1,10,0,2025-12-15T23:12:46.131324+00:00
139,Pembroke Pines,FL,Southeast,172439,3,true,16,20,0,2,0,11.788042092911564,2025-12-15T23:12:46.131324+00:00
140,Sioux Falls,SD,Plains,199792,3,true,1,1,0,0,0,0,2025-12-15T23:12:46.131324+00:00
141,Cape Coral,FL,Southeast,216902,3,true,2,2,0,0,0,0,2025-12-15T23:12:46.131324+00:00
142,Salem,OR,Pacific,181380,3,true,8,8,0,0,0,27.805372255474584,2025-12-15T23:12:46.131324+00:00
143,Lancaster,CA,Pacific,173516,3,true,2,9,7,0,0,0,2025-12-15T23:12:46.131324+00:00
144,Corona,CA,Pacific,155868,3,true,11,28,2,1,11,11.148926305176676,2025-12-15T23:12:46.131324+00:00
145,Springfield,MO,Plains,169176,3,true,1,1,0,0,0,0,2025-12-15T23:12:46.131324+00:00
146,Elk Grove,CA,Pacific,178997,3,true,4,4,0,0,0,19.988632508755376,2025-12-15T23:12:46.131324+00:00
147,Palmdale,CA,Pacific,169450,3,true,2,11,7,1,0,0,2025-12-15T23:12:46.131324+00:00
148,Salinas,CA,Pacific,166361,3,true,1,45,9,12,3,0,2025-12-15T23:12:46.131324+00:00
149,Pasadena,TX,Southwest,151227,3,true,11,20,0,3,3,10.356375119106387,2025-12-15T23:12:46.131324+00:00
150,Rockford,IL,Great Lakes,146880,3,true,2,2,0,0,0,0,2025-12-15T23:12:46.131324+00:00
151,Pomona,CA,Pacific,150812,3,true,18,40,2,3,10,2.41232744047024,2025-12-15T23:12:46.131324+00:00
152,Hayward,CA,Pacific,161039,3,true,9,15,0,4,0,11.115647518414992,2025-12-15T23:12:46.131324+00:00
153,Joliet,IL,Great Lakes,150362,3,true,7,20,3,2,8,1.0669315526882648,2025-12-15T23:12:46.131324+00:00
154,Escondido,CA,Pacific,149296,3,true,9,12,0,2,1,15.137799496063016,2025-12-15T23:12:46.131324+00:00
155,Kansas City,KS,Plains,155761,3,true,6,7,0,0,0,4.372431538230592,2025-12-15T23:12:46.131324+00:00
156,Sunnyvale,CA,Pacific,153185,3,true,1,5,0,4,0,10.240652942467035,2025-12-15T23:12:46.131324+00:00
157,Naperville,IL,Great Lakes,149540,3,true,7,26,3,5,8,8.488302683865534,2025-12-15T23:12:46.131324+00:00
158,Torrance,CA,Pacific,143592,3,true,23,46,0,8,0,1.6498038684460632,2025-12-15T23:12:46.131324+00:00
159,Bridgeport,CT,New England,148529,3,true,15,17,0,2,0,17.459153823858447,2025-12-15T23:12:46.131324+00:00
160,Savannah,GA,Southeast,147780,3,true,2,4,0,2,0,9.967667597197893,2025-12-15T23:12:46.131324+00:00
161,Paterson,NJ,Mid-Atlantic,148678,3,true,19,28,0,3,3,5.609203163563135,2025-12-15T23:12:46.131324+00:00
162,Cary,NC,Southeast,180245,3,true,10,10,0,0,0,2.2111227227665746,2025-12-15T23:12:46.131324+00:00
163,Syracuse,NY,Mid-Atlantic,146396,3,true,1,1,0,0,0,0,2025-12-15T23:12:46.131324+00:00
164,Mesquite,TX,Southwest,150108,3,true,18,20,0,0,0,11.726354542342767,2025-12-15T23:12:46.131324+00:00
165,Roseville,CA,Pacific,153044,3,true,3,3,0,0,0,13.289247756239833,2025-12-15T23:12:46.131324+00:00
166,McAllen,TX,Southwest,143268,3,true,4,4,0,0,0,0,2025-12-15T23:12:46.131324+00:00
167,Clarksville,TN,Southeast,169353,3,true,1,1,0,0,0,0,2025-12-15T23:12:46.131324+00:00
168,Dayton,OH,Great Lakes,136910,3,true,1,1,0,0,0,0,2025-12-15T23:12:46.131324+00:00
169,Lakewood,CO,Mountain,156065,3,true,13,16,0,0,2,2.4519015637173274,2025-12-15T23:12:46.131324+00:00
170,Olathe,KS,Plains,146290,3,true,6,7,0,0,0,0.5795606005706166,2025-12-15T23:12:46.131324+00:00
171,Murfreesboro,TN,Southeast,152769,3,true,10,13,0,3,0,15.754369526591441,2025-12-15T23:12:46.131324+00:00
172,Frisco,TX,Southwest,219587,3,true,8,15,0,2,2,5.291551424951346,2025-12-15T23:12:46.131324+00:00
173,Denton,TX,Southwest,148146,3,true,1,7,1,2,2,14.984632133720044,2025-12-15T23:12:46.131324+00:00
174,Bellevue,WA,Pacific,152767,3,true,12,16,0,2,2,7.739637119149068,2025-12-15T23:12:46.131324+00:00
175,Garden Grove,CA,Pacific,172646,3,true,25,39,0,5,0,2.02577660968243,2025-12-15T23:12:46.131324+00:00
176,Waco,TX,Southwest,142532,3,true,1,1,0,0,0,0,2025-12-15T23:12:46.131324+00:00
177,Carrollton,TX,Southwest,142529,3,true,18,25,0,2,2,9.079672772423917,2025-12-15T23:12:46.131324+00:00
178,Miramar,FL,Southeast,135652,3,true,16,18,0,0,0,10.920365599262475,2025-12-15T23:12:46.131324+00:00
179,Surprise,AZ,Southwest,153900,3,true,12,30,0,5,0,9.270037215520244,2025-12-15T23:12:46.131324+00:00
180,Visalia,CA,Pacific,142456,3,true,1,1,0,0,0,0,2025-12-15T23:12:46.131324+00:00
181,Hampton,VA,Mid-Atlantic,135169,3,true,6,7,0,0,0,0,2025-12-15T23:12:46.131324+00:00
182,Gainesville,FL,Southeast,145612,3,true,1,1,0,0,0,0,2025-12-15T23:12:46.131324+00:00
183,Sterling Heights,MI,Great Lakes,134346,3,true,7,20,0,4,4,9.835236025589326,2025-12-15T23:12:46.131324+00:00
184,Coral Springs,FL,Southeast,135627,3,true,6,9,0,2,0,12.789066761981909,2025-12-15T23:12:46.131324+00:00
185,Thousand Oaks,CA,Pacific,126966,3,true,15,28,0,5,0,8.723238374162955,2025-12-15T23:12:46.131324+00:00
186,Cedar Rapids,IA,Plains,139120,3,true,1,1,0,0,0,0,2025-12-15T23:12:46.131324+00:00
187,New Haven,CT,New England,135081,3,true,2,2,0,0,0,15.103992903891651,2025-12-15T23:12:46.131324+00:00
188,Elizabeth,NJ,Mid-Atlantic,137298,3,true,10,17,0,1,3,12.552202613141713,2025-12-15T23:12:46.131324+00:00
190,Stamford,CT,New England,137140,3,true,25,28,0,3,0,3.043010024920119,2025-12-15T23:12:46.131324+00:00
191,Concord,CA,Pacific,127671,3,true,10,23,6,5,0,13.43113132563,2025-12-15T23:12:46.131324+00:00
192,Kent,WA,Pacific,140161,3,true,12,16,0,2,2,6.794816171686512,2025-12-15T23:12:46.131324+00:00
193,Santa Clara,CA,Pacific,127647,3,true,1,5,0,4,0,6.163596326909395,2025-12-15T23:12:46.131324+00:00
194,Fullerton,CA,Pacific,139040,3,true,26,56,2,8,10,4.838958833127827,2025-12-15T23:12:46.131324+00:00
195,Victorville,CA,Pacific,136067,3,true,4,4,0,0,0,0,2025-12-15T23:12:46.131324+00:00
196,Simi Valley,CA,Pacific,126356,3,true,15,28,0,5,0,12.180953256916359,2025-12-15T23:12:46.131324+00:00
197,Abilene,TX,Southwest,125182,3,true,1,1,0,0,0,0,2025-12-15T23:12:46.131324+00:00
198,Athens,GA,Southeast,126913,3,true,1,15,7,1,0,0,2025-12-15T23:12:46.131324+00:00
199,Vallejo,CA,Pacific,121692,3,true,10,20,6,1,0,11.446653051344704,2025-12-15T23:12:46.131324+00:00
200,Allentown,PA,Mid-Atlantic,126490,3,true,3,5,0,2,0,0,2025-12-15T23:12:46.131324+00:00
201,Beaumont,TX,Southwest,114813,3,true,1,1,0,0,0,0,2025-12-15T23:12:46.131324+00:00
202,Wilmington,NC,Southeast,124008,3,true,1,1,0,0,0,0,2025-12-15T23:12:46.131324+00:00
203,Independence,MO,Plains,123011,3,true,6,8,0,0,0,10.02376222565058,2025-12-15T23:12:46.131324+00:00
204,Provo,UT,Mountain,115162,3,true,2,2,0,0,0,0,2025-12-15T23:12:46.131324+00:00
205,Peoria,IL,Great Lakes,113150,3,true,1,1,0,0,0,0,2025-12-15T23:12:46.131324+00:00
206,Lansing,MI,Great Lakes,112644,3,true,1,1,0,0,0,0,2025-12-15T23:12:46.131324+00:00
207,El Monte,CA,Pacific,113068,3,true,26,48,0,9,0,10.264270998801937,2025-12-15T23:12:46.131324+00:00
208,Ann Arbor,MI,Great Lakes,123851,3,true,1,3,0,0,0,0,2025-12-15T23:12:46.131324+00:00
209,Downey,CA,Pacific,110963,3,true,25,48,0,9,0,8.523295995596369,2025-12-15T23:12:46.131324+00:00
210,Costa Mesa,CA,Pacific,112086,3,true,13,20,0,3,0,3.4597491100544997,2025-12-15T23:12:46.131324+00:00
211,Inglewood,CA,Pacific,107762,3,true,23,45,0,8,0,6.764454065871457,2025-12-15T23:12:46.131324+00:00
212,Miami Gardens,FL,Southeast,107167,3,true,16,18,0,0,0,5.098436622507944,2025-12-15T23:12:46.131324+00:00
213,Manchester,NH,New England,115644,3,true,1,1,0,0,0,0,2025-12-15T23:12:46.131324+00:00
214,Elgin,IL,Great Lakes,114447,3,true,7,14,0,5,0,10.197478191709301,2025-12-15T23:12:46.131324+00:00
215,Rochester,MN,Great Lakes,121395,3,true,1,1,0,0,0,0,2025-12-15T23:12:46.131324+00:00
216,Pueblo,CO,Mountain,112251,3,true,1,1,0,0,0,0,2025-12-15T23:12:46.131324+00:00
217,Springfield,IL,Great Lakes,113394,3,true,1,1,0,0,0,0,2025-12-15T23:12:46.131324+00:00
218,Lowell,MA,New England,115554,3,true,12,17,0,4,1,16.27936343642422,2025-12-15T23:12:46.131324+00:00
219,Arvada,CO,Mountain,124402,3,true,13,18,0,0,4,4.3770716595497134,2025-12-15T23:12:46.131324+00:00
220,Carlsbad,CA,Pacific,114746,3,true,18,21,0,2,1,14.58481189562227,2025-12-15T23:12:46.131324+00:00
221,Westminster,CO,Mountain,113166,3,true,13,18,0,0,4,7.003153194354627,2025-12-15T23:12:46.131324+00:00
222,West Valley City,UT,Mountain,140230,3,true,11,15,3,0,0,7.228775324261068,2025-12-15T23:12:46.131324+00:00
223,Fargo,ND,Plains,125990,3,true,1,1,0,0,0,0,2025-12-15T23:12:46.131324+00:00
224,Clearwater,FL,Southeast,116946,3,true,13,14,0,1,0,16.600932693244488,2025-12-15T23:12:46.131324+00:00
225,Fairfield,CA,Pacific,116009,3,true,3,12,6,1,0,0,2025-12-15T23:12:46.131324+00:00
226,Palm Bay,FL,Southeast,123548,3,true,2,2,0,0,0,0,2025-12-15T23:12:46.131324+00:00
227,West Jordan,UT,Mountain,118220,3,true,13,17,3,0,0,10.740526626815525,2025-12-15T23:12:46.131324+00:00
228,College Station,TX,Southwest,120511,3,true,2,6,0,0,4,0,2025-12-15T23:12:46.131324+00:00
229,Murrieta,CA,Pacific,113155,3,true,16,17,0,0,1,10.63807802443839,2025-12-15T23:12:46.131324+00:00
230,Cambridge,MA,New England,118403,3,true,11,16,0,4,1,4.332010426387953,2025-12-15T23:12:46.131324+00:00
231,Richardson,TX,Southwest,117938,3,true,18,20,0,0,0,9.514238692832004,2025-12-15T23:12:46.131324+00:00
232,Antioch,CA,Pacific,116395,3,true,9,14,0,4,0,15.124257379198854,2025-12-15T23:12:46.131324+00:00
233,High Point,NC,Southeast,117282,3,true,3,3,0,0,0,0,2025-12-15T23:12:46.131324+00:00
234,Temecula,CA,Pacific,110003,3,true,14,15,0,0,1,14.062037040501986,2025-12-15T23:12:46.131324+00:00
235,Round Rock,TX,Southwest,133372,3,true,14,22,5,0,0,17.093265128956222,2025-12-15T23:12:46.131324+00:00
236,Billings,MT,Mountain,117116,3,true,1,1,0,0,0,0,2025-12-15T23:12:46.131324+00:00
237,West Covina,CA,Pacific,106098,3,true,27,58,2,8,10,10.724494408073278,2025-12-15T23:12:46.131324+00:00
238,Norwalk,CA,Pacific,105833,3,true,25,48,0,9,0,10.23007213215066,2025-12-15T23:12:46.131324+00:00
239,Berkeley,CA,Pacific,124321,3,true,9,23,6,5,0,13.51555206762439,2025-12-15T23:12:46.131324+00:00
240,Burbank,CA,Pacific,107337,3,true,24,44,0,6,0,3.892298120201883,2025-12-15T23:12:46.131324+00:00
241,Evansville,IN,Great Lakes,117429,3,true,1,1,0,0,0,0,2025-12-15T23:12:46.131324+00:00
242,Ventura,CA,Pacific,109106,3,true,3,4,0,1,0,0,2025-12-15T23:12:46.131324+00:00
243,League City,TX,Southwest,117754,3,true,3,9,0,3,0,5.298367235527902,2025-12-15T23:12:46.131324+00:00
244,Lewisville,TX,Southwest,118931,3,true,18,25,0,2,2,9.828616614408542,2025-12-15T23:12:46.131324+00:00
245,Broken Arrow,OK,Southwest,113540,3,true,2,3,0,0,0,0,2025-12-15T23:12:46.131324+00:00
246,Centennial,CO,Mountain,108418,3,true,13,18,0,0,4,6.468179031264361,2025-12-15T23:12:46.131324+00:00
247,Waterbury,CT,New England,114403,3,true,2,2,0,0,0,18.262008336778944,2025-12-15T23:12:46.131324+00:00
248,Sandy Springs,GA,Southeast,108080,3,true,21,27,0,5,0,0.2236992881816999,2025-12-15T23:12:46.131324+00:00
249,Richmond,CA,Pacific,116448,3,true,9,20,6,1,0,8.909417198530196,2025-12-15T23:12:46.131324+00:00
250,Daly City,CA,Pacific,104901,3,true,2,3,0,0,0,2.2981110401118428,2025-12-15T23:12:46.131324+00:00
251,El Cajon,CA,Pacific,106215,4,true,9,12,0,2,1,9.425352352151117,2025-12-15T23:12:46.131324+00:00
252,Allen,TX,Southwest,105623,4,true,8,10,0,0,0,9.31858450224637,2025-12-15T23:12:46.131324+00:00
253,San Mateo,CA,Pacific,105661,4,true,8,14,0,4,0,10.036752851647348,2025-12-15T23:12:46.131324+00:00
254,Gresham,OR,Pacific,114247,4,true,9,15,2,0,0,11.998641663212384,2025-12-15T23:12:46.131324+00:00
255,Tuscaloosa,AL,Southeast,106581,4,true,1,1,0,0,0,0,2025-12-15T23:12:46.131324+00:00
256,Hillsboro,OR,Pacific,106894,4,true,9,15,2,0,0,15.085728502697002,2025-12-15T23:12:46.131324+00:00
257,South Bend,IN,Great Lakes,103453,4,true,1,1,0,0,0,0,2025-12-15T23:12:46.131324+00:00
258,San Leandro,CA,Pacific,91042,4,true,8,14,0,4,0,14.094383829703153,2025-12-15T23:12:46.131324+00:00
259,Davie,FL,Southeast,109486,4,true,16,20,0,2,0,10.636815294790756,2025-12-15T23:12:46.131324+00:00
260,Wichita Falls,TX,Southwest,102169,4,true,1,1,0,0,0,0,2025-12-15T23:12:46.131324+00:00
261,Green Bay,WI,Great Lakes,107395,4,true,2,2,0,0,0,0,2025-12-15T23:12:46.131324+00:00
262,Davenport,IA,Plains,101724,4,true,1,1,0,0,0,0,2025-12-15T23:12:46.131324+00:00
263,Rialto,CA,Pacific,104026,4,true,11,25,2,1,11,0,2025-12-15T23:12:46.131324+00:00
264,Greeley,CO,Mountain,108795,4,true,1,1,0,0,0,0,2025-12-15T23:12:46.131324+00:00
265,Las Cruces,NM,Southwest,108742,4,true,1,1,0,0,0,0,2025-12-15T23:12:46.131324+00:00
266,Edison,NJ,Mid-Atlantic,107588,4,true,4,10,0,0,3,19.53906956775694,2025-12-15T23:12:46.131324+00:00
268,Woodbridge,NJ,Mid-Atlantic,103639,4,true,9,16,0,1,3,19.431910553926297,2025-12-15T23:12:46.131324+00:00
269,Boulder,CO,Mountain,105485,4,true,6,10,0,0,2,15.899300822420631,2025-12-15T23:12:46.131324+00:00
270,Sunrise,FL,Southeast,99045,4,true,16,20,0,2,0,13.443951880436458,2025-12-15T23:12:46.131324+00:00
271,Lakeland,FL,Southeast,119478,4,true,2,2,0,0,0,27.051312135295838,2025-12-15T23:12:46.131324+00:00
272,Pompano Beach,FL,Southeast,112118,4,true,6,8,0,2,0,8.25403717337126,2025-12-15T23:12:46.131324+00:00
273,Killeen,TX,Southwest,149103,4,true,1,1,0,0,0,0,2025-12-15T23:12:46.131324+00:00
274,Plantation,FL,Southeast,97376,4,true,16,20,0,2,0,13.354263786302868,2025-12-15T23:12:46.131324+00:00
275,Sparks,NV,Pacific,108445,4,true,2,2,0,0,0,0,2025-12-15T23:12:46.131324+00:00
276,Alafaya,FL,Southeast,103671,4,true,5,7,0,0,0,10.622963486822014,2025-12-15T23:12:46.131324+00:00
277,Macon,GA,Southeast,157346,4,true,1,1,0,0,0,0,2025-12-15T23:12:46.131324+00:00
278,Longmont,CO,Mountain,100758,4,true,7,9,0,0,0,16.406372558070032,2025-12-15T23:12:46.131324+00:00
279,Nampa,ID,Mountain,106870,4,true,1,1,0,0,0,18.468221615810354,2025-12-15T23:12:46.131324+00:00
280,Pasadena,CA,Pacific,138699,4,true,25,47,0,9,0,1.6263945931313266,2025-12-15T23:12:46.131324+00:00
281,Rochester Hills,MI,Great Lakes,76503,4,true,7,20,0,4,4,4.730830390413603,2025-12-15T23:12:46.131324+00:00
282,Columbia,SC,Southeast,137541,4,true,1,1,0,0,0,0,2025-12-15T23:12:46.131324+00:00
283,Alexandria,VA,Mid-Atlantic,160530,4,true,15,19,0,2,0,6.265043537842637,2025-12-15T23:12:46.131324+00:00
284,Asheville,NC,Southeast,94589,4,true,1,4,0,0,0,0,2025-12-15T23:12:46.131324+00:00
285,Vista,CA,Pacific,101569,4,true,18,21,0,2,1,16.670317084422628,2025-12-15T23:12:46.131324+00:00
286,Mission Viejo,CA,Pacific,95290,4,true,15,20,0,1,1,9.902298292835328,2025-12-15T23:12:46.131324+00:00
287,Sugar Land,TX,Southwest,111026,4,true,13,19,0,0,3,12.20569373973506,2025-12-15T23:12:46.131324+00:00
288,Odessa,TX,Southwest,114441,4,true,2,2,0,0,0,0,2025-12-15T23:12:46.131324+00:00
289,Vacaville,CA,Pacific,103078,4,true,3,12,6,1,0,0,2025-12-15T23:12:46.131324+00:00
290,Federal Way,WA,Pacific,101030,4,true,12,16,0,2,2,7.757186003623943,2025-12-15T23:12:46.131324+00:00
291,Yuma,AZ,Southwest,95548,4,true,1,1,0,0,0,79.84262287534524,2025-12-15T23:12:46.131324+00:00
292,Charleston,SC,Southeast,150227,4,true,3,3,0,0,0,8.062210904092032,2025-12-15T23:12:46.131324+00:00
293,Roanoke,VA,Mid-Atlantic,100011,4,true,4,4,0,0,0,0,2025-12-15T23:12:46.131324+00:00
294,North Charleston,SC,Southeast,114852,4,true,3,3,0,0,0,8.984591743994244,2025-12-15T23:12:46.131324+00:00
295,Thornton,CO,Mountain,141867,4,true,13,18,0,0,4,5.546995281383434,2025-12-15T23:12:46.131324+00:00
296,Midland,TX,Southwest,132524,4,true,2,2,0,0,0,0,2025-12-15T23:12:46.131324+00:00
297,Pearland,TX,Southwest,125828,4,true,11,21,1,3,3,11.230381476340197,2025-12-15T23:12:46.131324+00:00
298,Woodbury,MN,Great Lakes,79201,4,true,9,10,0,0,0,14.642044009198854,2025-12-15T23:12:46.131324+00:00
299,Hartford,CT,New England,121054,4,true,2,2,0,0,0,21.067216770767992,2025-12-15T23:12:46.131324+00:00
300,Enterprise,NV,Pacific,103839,4,true,6,12,0,0,0,4.465151097655185,2025-12-15T23:12:46.131324+00:00
301,Bend,OR,Pacific,102059,4,true,1,1,0,0,0,0,2025-12-15T23:12:46.131324+00:00
302,Sandy,UT,Mountain,96904,4,true,13,16,3,0,0,13.639734947932725,2025-12-15T23:12:46.131324+00:00
303,Orem,UT,Mountain,97499,4,true,2,2,0,0,0,0,2025-12-15T23:12:46.131324+00:00
304,Meridian,ID,Mountain,117635,4,true,1,1,0,0,0,9.136518264027892,2025-12-15T23:12:46.131324+00:00
305,Westminster,CA,Pacific,91137,4,true,12,25,0,4,0,5.357923131533897,2025-12-15T23:12:46.131324+00:00
306,Chico,CA,Pacific,101475,4,true,1,7,6,0,0,0,2025-12-15T23:12:46.131324+00:00
307,Norman,OK,Southwest,128026,4,true,3,5,0,0,0,16.99640957835502,2025-12-15T23:12:46.131324+00:00
308,Santa Maria,CA,Pacific,109298,4,true,1,1,0,0,0,0,2025-12-15T23:12:46.131324+00:00
309,Livermore,CA,Pacific,90189,4,true,7,12,0,4,0,5.983857321784529,2025-12-15T23:12:46.131324+00:00
310,Redding,CA,Pacific,92467,4,true,1,1,0,0,0,0,2025-12-15T23:12:46.131324+00:00
311,Newport Beach,CA,Pacific,85239,4,true,13,20,0,3,0,5.405499441305776,2025-12-15T23:12:46.131324+00:00
312,Conroe,TX,Southwest,97135,4,true,1,4,0,0,3,0,2025-12-15T23:12:46.131324+00:00
313,Compton,CA,Pacific,97454,4,true,24,46,0,9,0,6.685617987043109,2025-12-15T23:12:46.131324+00:00
314,South Gate,CA,Pacific,94396,4,true,24,46,0,9,0,5.457816690491094,2025-12-15T23:12:46.131324+00:00
316,Jurupa Valley,CA,Pacific,115399,4,true,11,27,2,1,11,5.19380353758106,2025-12-15T23:12:46.131324+00:00
317,Tracy,CA,Pacific,95340,4,true,9,15,0,4,1,16.753400685696892,2025-12-15T23:12:46.131324+00:00
318,Bloomington,MN,Great Lakes,90455,4,true,9,10,0,0,0,2.9158626977762374,2025-12-15T23:12:46.131324+00:00
319,Lee's Summit,MO,Plains,101108,4,true,6,7,0,0,0,15.316670745235836,2025-12-15T23:12:46.131324+00:00
320,Tyler,TX,Southwest,107405,4,true,1,1,0,0,0,0,2025-12-15T23:12:46.131324+00:00
321,Fishers,IN,Great Lakes,101171,4,true,6,12,0,1,0,6.655483531565093,2025-12-15T23:12:46.131324+00:00
322,O'Fallon,MO,Plains,91316,4,true,1,1,0,0,0,0,2025-12-15T23:12:46.131324+00:00
323,Brockton,MA,New England,105536,4,true,13,16,0,3,0,16.878699083916683,2025-12-15T23:12:46.131324+00:00
324,New Bedford,MA,New England,101079,4,true,4,5,0,1,0,22.300440667854577,2025-12-15T23:12:46.131324+00:00
325,Lake Forest,CA,Pacific,85623,4,true,15,20,0,1,1,8.314585708509764,2025-12-15T23:12:46.131324+00:00
326,Albany,NY,Mid-Atlantic,99224,4,true,1,1,0,0,0,5.447036238561835,2025-12-15T23:12:46.131324+00:00
327,San Marcos,CA,Pacific,97479,4,true,9,12,0,2,1,13.945514653296325,2025-12-15T23:12:46.131324+00:00
328,San Marcos,TX,Southwest,67553,4,true,14,23,6,0,0,3.4890599234055366,2025-12-15T23:12:46.131324+00:00
329,Brooklyn Park,MN,Great Lakes,86478,4,true,9,10,0,0,0,9.192166341706619,2025-12-15T23:12:46.131324+00:00
330,Napa,CA,Pacific,79700,4,true,5,14,6,1,0,9.28683582356193,2025-12-15T23:12:46.131324+00:00
331,Buena Park,CA,Pacific,82042,4,true,26,48,0,9,0,6.386677220532591,2025-12-15T23:12:46.131324+00:00
332,Indio,CA,Pacific,92593,4,true,1,2,1,0,0,0,2025-12-15T23:12:46.131324+00:00
333,Hesperia,CA,Pacific,99818,4,true,8,20,2,0,10,0,2025-12-15T23:12:46.131324+00:00
334,Redwood City,CA,Pacific,84292,4,true,7,13,0,4,0,17.252308072647384,2025-12-15T23:12:46.131324+00:00
335,Avondale,AZ,Southwest,93064,4,true,12,30,0,5,0,8.096354908346033,2025-12-15T23:12:46.131324+00:00
336,Mission,TX,Southwest,83563,4,true,4,4,0,0,0,0,2025-12-15T23:12:46.131324+00:00
337,Chino,CA,Pacific,91403,4,true,9,25,2,2,10,6.333645468120771,2025-12-15T23:12:46.131324+00:00
338,Edinburg,TX,Southwest,101323,4,true,4,4,0,0,0,0,2025-12-15T23:12:46.131324+00:00
339,Newport News,VA,Mid-Atlantic,185532,4,true,6,7,0,0,0,0,2025-12-15T23:12:46.131324+00:00
340,Goodyear,AZ,Southwest,101433,4,true,12,30,0,5,0,8.420450591225931,2025-12-15T23:12:46.131324+00:00
341,Buckeye,AZ,Southwest,108083,4,true,1,3,0,0,0,21.472366469369952,2025-12-15T23:12:46.131324+00:00
343,Carson,CA,Pacific,93044,4,true,24,46,0,8,0,4.1560395892493895,2025-12-15T23:12:46.131324+00:00
344,Santa Fe,NM,Southwest,89284,4,true,1,1,0,0,0,0,2025-12-15T23:12:46.131324+00:00
345,Lynn,MA,New England,99691,4,true,11,15,0,4,0,7.820931017385142,2025-12-15T23:12:46.131324+00:00
346,Fall River,MA,New England,93885,4,true,4,5,0,1,0,16.032372443928526,2025-12-15T23:12:46.131324+00:00
347,Tustin,CA,Pacific,79348,4,true,16,25,0,4,1,4.045517140464593,2025-12-15T23:12:46.131324+00:00
348,Citrus Heights,CA,Pacific,87796,4,true,3,5,0,0,0,11.647696238354651,2025-12-15T23:12:46.131324+00:00
349,Bellflower,CA,Pacific,79906,4,true,24,47,0,9,0,8.389787361361781,2025-12-15T23:12:46.131324+00:00
350,Lake Charles,LA,Southeast,78656,4,true,1,1,0,0,0,0,2025-12-15T23:12:46.131324+00:00
351,Hawthorne,CA,Pacific,88083,4,true,23,45,0,8,0,4.384496524368766,2025-12-15T23:12:46.131324+00:00
352,Whittier,CA,Pacific,87306,4,true,26,49,0,9,0,12.013412858251458,2025-12-15T23:12:46.131324+00:00
353,Duluth,MN,Great Lakes,89929,4,true,1,1,0,0,0,0,2025-12-15T23:12:46.131324+00:00
354,Chino Hills,CA,Pacific,85193,4,true,20,41,2,3,10,7.025262387524652,2025-12-15T23:12:46.131324+00:00
355,Lawrence,KS,Plains,95358,4,true,5,8,2,0,0,22.663403620710326,2025-12-15T23:12:46.131324+00:00
356,Longview,TX,Southwest,82032,4,true,1,1,0,0,0,0,2025-12-15T23:12:46.131324+00:00
357,Carmel,IN,Great Lakes,101068,4,true,6,12,0,1,0,4.465733017356237,2025-12-15T23:12:46.131324+00:00
358,Dearborn,MI,Great Lakes,109976,4,true,8,21,0,4,4,3.112761108644816,2025-12-15T23:12:46.131324+00:00
359,Clifton,NJ,Mid-Atlantic,89711,4,true,12,19,0,1,3,5.605331506737117,2025-12-15T23:12:46.131324+00:00
360,Lawton,OK,Southwest,89015,4,true,1,1,0,0,0,0,2025-12-15T23:12:46.131324+00:00
361,Livonia,MI,Great Lakes,94378,4,true,8,21,0,4,4,7.4164993581438265,2025-12-15T23:12:46.131324+00:00
362,Melbourne,FL,Southeast,87289,4,true,2,3,0,1,0,0,2025-12-15T23:12:46.131324+00:00
363,Westminster,MD,Mid-Atlantic,72820,4,true,2,2,0,0,0,24.17192663149334,2025-12-15T23:12:46.131324+00:00
364,Quincy,MA,New England,101636,4,true,11,15,0,4,0,7.839986140911724,2025-12-15T23:12:46.131324+00:00
365,San Angelo,TX,Southwest,101612,4,true,1,1,0,0,0,0,2025-12-15T23:12:46.131324+00:00
366,Bellingham,WA,Pacific,95507,4,true,1,1,0,0,0,0,2025-12-15T23:12:46.131324+00:00
367,Menifee,CA,Pacific,108119,4,true,6,7,0,0,1,0,2025-12-15T23:12:46.131324+00:00
368,San Ramon,CA,Pacific,84605,4,true,6,12,0,4,0,3.668399435999446,2025-12-15T23:12:46.131324+00:00
369,Rio Rancho,NM,Southwest,107997,4,true,5,5,0,0,0,6.562267547882687,2025-12-15T23:12:46.131324+00:00
370,Kenosha,WI,Great Lakes,99759,4,true,1,3,0,1,0,0,2025-12-15T23:12:46.131324+00:00
371,Troy,MI,Great Lakes,87284,4,true,7,20,0,4,4,5.394429485074136,2025-12-15T23:12:46.131324+00:00
372,Westland,MI,Great Lakes,82309,4,true,8,21,0,4,4,8.594835693579014,2025-12-15T23:12:46.131324+00:00
373,Bolingbrook,IL,Great Lakes,77091,4,true,7,26,3,5,8,12.095031872548383,2025-12-15T23:12:46.131324+00:00
374,Boulder City,NV,Pacific,16657,4,true,6,12,0,0,0,16.028869057189247,2025-12-15T23:12:46.131324+00:00
375,Bryan,TX,Southwest,89824,4,true,2,6,0,0,4,0,2025-12-15T23:12:46.131324+00:00
376,Pharr,TX,Southwest,79112,4,true,4,4,0,0,0,0,2025-12-15T23:12:46.131324+00:00
377,Yakima,WA,Pacific,96968,4,true,1,1,0,0,0,0,2025-12-15T23:12:46.131324+00:00
378,Suffolk,VA,Mid-Atlantic,94324,4,true,5,6,0,0,0,0,2025-12-15T23:12:46.131324+00:00
379,Trenton,NJ,Mid-Atlantic,90871,4,true,2,3,0,0,0,17.935730636657524,2025-12-15T23:12:46.131324+00:00
380,Farmington Hills,MI,Great Lakes,82956,4,true,8,21,0,4,4,4.873639767393359,2025-12-15T23:12:46.131324+00:00
381,Camarillo,CA,Pacific,70741,4,true,3,6,0,1,0,0,2025-12-15T23:12:46.131324+00:00
382,Decatur,IL,Great Lakes,69633,4,true,1,1,0,0,0,0,2025-12-15T23:12:46.131324+00:00
383,Flower Mound,TX,Southwest,79687,4,true,18,25,0,2,2,10.813591656874838,2025-12-15T23:12:46.131324+00:00
384,Somerville,MA,New England,81360,4,true,11,16,0,4,1,5.415887407081843,2025-12-15T23:12:46.131324+00:00
385,New Rochelle,NY,Mid-Atlantic,79726,4,true,25,34,0,3,3,8.383828708350164,2025-12-15T23:12:46.131324+00:00
386,Waukegan,IL,Great Lakes,89321,4,true,3,9,0,4,0,7.618645329094824,2025-12-15T23:12:46.131324+00:00
387,Cicero,IL,Great Lakes,80796,4,true,10,22,0,6,3,6.7696189192310925,2025-12-15T23:12:46.131324+00:00
388,Alhambra,CA,Pacific,82868,4,true,24,45,0,9,0,5.122854602291073,2025-12-15T23:12:46.131324+00:00
389,Mountain View,CA,Pacific,82376,4,true,1,6,0,4,0,13.089809917359027,2025-12-15T23:12:46.131324+00:00
390,Plymouth,MN,Great Lakes,81026,4,true,9,10,0,0,0,9.578956619014226,2025-12-15T23:12:46.131324+00:00
391,Racine,WI,Great Lakes,77816,4,true,3,4,0,0,0,9.962367791688122,2025-12-15T23:12:46.131324+00:00
392,Eagan,MN,Great Lakes,68855,4,true,9,10,0,0,0,5.092898401709791,2025-12-15T23:12:46.131324+00:00
393,Appleton,WI,Great Lakes,75644,4,true,2,2,0,0,0,0,2025-12-15T23:12:46.131324+00:00
394,Redlands,CA,Pacific,73168,4,true,11,24,2,0,11,0,2025-12-15T23:12:46.131324+00:00
395,Fort Myers,FL,Southeast,92245,4,true,2,2,0,0,0,0,2025-12-15T23:12:46.131324+00:00
396,Davis,CA,Pacific,69931,4,true,3,3,0,0,0,0,2025-12-15T23:12:46.131324+00:00
397,Upland,CA,Pacific,79040,4,true,8,22,2,1,10,0,2025-12-15T23:12:46.131324+00:00
398,Lynchburg,VA,Mid-Atlantic,82168,4,true,1,1,0,0,0,0,2025-12-15T23:12:46.131324+00:00
399,Wyoming,MI,Great Lakes,75710,4,true,2,2,0,0,0,0,2025-12-15T23:12:46.131324+00:00
400,St. George,UT,Mountain,99194,4,true,1,1,0,0,0,0,2025-12-15T23:12:46.131324+00:00
401,Gary,IN,Great Lakes,69093,4,true,1,4,0,1,0,0,2025-12-15T23:12:46.131324+00:00
402,Folsom,CA,Pacific,82203,4,true,2,2,0,0,0,5.6463020059905435,2025-12-15T23:12:46.131324+00:00
403,Lawrence,MA,New England,89143,4,true,12,17,0,4,1,19.19970842629115,2025-12-15T23:12:46.131324+00:00
404,Roswell,GA,Southeast,95262,4,true,21,27,0,5,0,6.481104338402345,2025-12-15T23:12:46.131324+00:00
405,Rowlett,TX,Southwest,69694,4,true,8,10,0,0,0,15.657530591346864,2025-12-15T23:12:46.131324+00:00
406,Port Orange,FL,Southeast,69931,4,true,1,6,1,0,3,0,2025-12-15T23:12:46.131324+00:00
407,St. Cloud,MN,Great Lakes,70087,4,true,1,1,0,0,0,0,2025-12-15T23:12:46.131324+00:00
408,Hammond,IN,Great Lakes,77879,4,true,8,11,0,1,0,7.963574015588118,2025-12-15T23:12:46.131324+00:00
409,Flagstaff,AZ,Southwest,73964,4,true,1,1,0,0,0,0,2025-12-15T23:12:46.131324+00:00
410,Apple Valley,CA,Pacific,75791,4,true,5,5,0,0,0,0,2025-12-15T23:12:46.131324+00:00
411,Parma,OH,Great Lakes,81601,4,true,2,5,0,0,3,14.153717053218502,2025-12-15T23:12:46.131324+00:00
412,National City,CA,Pacific,61394,4,true,9,12,0,2,1,4.4017042127930655,2025-12-15T23:12:46.131324+00:00
413,Cranston,RI,New England,82934,4,true,4,5,0,1,0,3.590048119745812,2025-12-15T23:12:46.131324+00:00
414,Lodi,CA,Pacific,68641,4,true,2,2,0,0,0,0,2025-12-15T23:12:46.131324+00:00
415,Yuba City,CA,Pacific,70117,4,true,1,1,0,0,0,0,2025-12-15T23:12:46.131324+00:00
416,Palatine,IL,Great Lakes,68289,4,true,9,19,0,6,0,5.775342963936118,2025-12-15T23:12:46.131324+00:00
417,Skokie,IL,Great Lakes,67824,4,true,9,19,0,6,0,2.9019170064447932,2025-12-15T23:12:46.131324+00:00
418,Des Plaines,IL,Great Lakes,60403,4,true,9,19,0,6,0,2.211317778615823,2025-12-15T23:12:46.131324+00:00
419,Schaumburg,IL,Great Lakes,78723,4,true,9,19,0,6,0,0.1337697301647093,2025-12-15T23:12:46.131324+00:00
420,Maple Grove,MN,Great Lakes,79387,4,true,9,10,0,0,0,11.382313912667813,2025-12-15T23:12:46.131324+00:00
421,Harrisonburg,VA,Mid-Atlantic,54033,4,true,3,5,0,0,0,0,2025-12-15T23:12:46.131324+00:00
422,Casa Grande,AZ,Southwest,58632,4,true,2,2,0,0,0,0,2025-12-15T23:12:46.131324+00:00
423,Maricopa,AZ,Southwest,62264,4,true,2,3,0,0,0,0,2025-12-15T23:12:46.131324+00:00
424,Lake Elsinore,CA,Pacific,73539,4,true,19,20,0,0,1,0.9530626944630679,2025-12-15T23:12:46.131324+00:00
425,Deltona,FL,Southeast,96248,4,true,5,10,1,0,3,22.842680887191975,2025-12-15T23:12:46.131324+00:00
426,Tamarac,FL,Southeast,71897,4,true,6,9,0,2,0,14.066645807537428,2025-12-15T23:12:46.131324+00:00
427,Warwick,RI,New England,82823,4,true,4,5,0,1,0,8.90693072164229,2025-12-15T23:12:46.131324+00:00
428,Arcadia,CA,Pacific,57939,4,true,25,45,0,8,0,7.722323318584546,2025-12-15T23:12:46.131324+00:00
429,Coconut Creek,FL,Southeast,60908,4,true,6,9,0,2,0,9.098500092588054,2025-12-15T23:12:46.131324+00:00
430,Novato,CA,Pacific,53174,4,true,4,13,6,1,0,7.2604659787194095,2025-12-15T23:12:46.131324+00:00
431,Champaign,IL,Great Lakes,88288,4,true,1,1,0,0,0,0,2025-12-15T23:12:46.131324+00:00
432,Orland Park,IL,Great Lakes,60448,4,true,10,28,3,5,8,14.041684748474202,2025-12-15T23:12:46.131324+00:00
433,Oak Park,IL,Great Lakes,54583,4,true,9,21,0,6,3,7.851029382404105,2025-12-15T23:12:46.131324+00:00
434,Tinley Park,IL,Great Lakes,57981,4,true,8,25,3,4,8,15.558889109250524,2025-12-15T23:12:46.131324+00:00
435,Eau Claire,WI,Great Lakes,70543,4,true,1,1,0,0,0,0,2025-12-15T23:12:46.131324+00:00
436,Boynton Beach,FL,Southeast,80380,4,true,2,6,0,3,0,11.937128804883452,2025-12-15T23:12:46.131324+00:00
437,Delray Beach,FL,Southeast,70344,4,true,2,6,0,3,0,7.511337112416057,2025-12-15T23:12:46.131324+00:00
438,Jupiter,FL,Southeast,68474,4,true,3,5,0,1,0,15.499342600132664,2025-12-15T23:12:46.131324+00:00
439,Wellington,FL,Southeast,66708,4,true,2,6,0,3,0,4.926795556932734,2025-12-15T23:12:46.131324+00:00
440,Spring,TX,Southwest,63008,4,true,13,19,0,0,3,10.044579206318055,2025-12-15T23:12:46.131324+00:00
441,Perris,CA,Pacific,83773,4,true,8,21,2,0,11,0,2025-12-15T23:12:46.131324+00:00
442,Decatur,AL,Southeast,57938,4,true,2,2,0,0,0,0,2025-12-15T23:12:46.131324+00:00
443,Sammamish,WA,Pacific,64463,4,true,1,4,0,1,2,0,2025-12-15T23:12:46.131324+00:00
444,Santa Cruz,CA,Pacific,65011,4,true,2,23,0,7,3,23.200931484741727,2025-12-15T23:12:46.131324+00:00
445,Clovis,CA,Pacific,120124,4,true,2,2,0,0,0,0,2025-12-15T23:12:46.131324+00:00
446,Doral,FL,Southeast,74259,4,true,16,23,4,0,1,2.346681573315362,2025-12-15T23:12:46.131324+00:00
447,Homestead,FL,Southeast,79587,4,true,10,16,4,0,1,4.316663291054471,2025-12-15T23:12:46.131324+00:00
448,Leesburg,VA,Mid-Atlantic,49312,4,true,17,21,3,0,0,0.057479155299185736,2025-12-15T23:12:46.131324+00:00
449,Ashburn,VA,Mid-Atlantic,55407,4,true,17,23,3,2,0,0.008748989942627733,2025-12-15T23:12:46.131324+00:00
450,Sterling,VA,Mid-Atlantic,30811,4,true,17,19,0,2,0,0.8852475076993829,2025-12-15T23:12:46.131324+00:00
451,Herndon,VA,Mid-Atlantic,24574,4,true,17,21,0,2,0,2.783052708680223,2025-12-15T23:12:46.131324+00:00
452,Great Falls,VA,Mid-Atlantic,15427,4,true,17,21,0,2,0,0.11376915220747594,2025-12-15T23:12:46.131324+00:00
453,Manassas,VA,Mid-Atlantic,41764,4,true,17,19,0,2,0,14.18042158348785,2025-12-15T23:12:46.131324+00:00
454,Fredericksburg,VA,Mid-Atlantic,29036,4,true,1,2,0,1,0,0,2025-12-15T23:12:46.131324+00:00
455,Harrisburg,PA,Mid-Atlantic,50049,4,true,2,15,0,12,0,0,2025-12-15T23:12:46.131324+00:00
456,Reading,PA,Mid-Atlantic,95112,4,true,3,5,0,2,0,0,2025-12-15T23:12:46.131324+00:00
457,Bethlehem,PA,Mid-Atlantic,75781,4,true,2,4,0,2,0,0,2025-12-15T23:12:46.131324+00:00
458,Scranton,PA,Mid-Atlantic,76997,4,true,1,1,0,0,0,0,2025-12-15T23:12:46.131324+00:00
459,Lancaster,PA,Mid-Atlantic,59811,4,true,3,3,0,0,0,0,2025-12-15T23:12:46.131324+00:00
460,York,PA,Mid-Atlantic,44820,4,true,3,16,0,12,0,0,2025-12-15T23:12:46.131324+00:00
461,Gainesville,VA,Mid-Atlantic,30000,4,true,17,18,0,1,0,16.90420828820286,2025-12-15T23:12:46.131324+00:00
462,Woodbridge,VA,Mid-Atlantic,54275,4,true,16,20,0,2,0,1.9484671118827563,2025-12-15T23:12:46.131324+00:00
463,Dale City,VA,Mid-Atlantic,72200,4,true,16,18,0,2,0,5.3705640286458065,2025-12-15T23:12:46.131324+00:00
464,Centreville,VA,Mid-Atlantic,75661,4,true,17,19,0,2,0,10.592796224675832,2025-12-15T23:12:46.131324+00:00
465,Burke,VA,Mid-Atlantic,46071,4,true,17,21,0,2,0,8.122866012863824,2025-12-15T23:12:46.131324+00:00
466,Annandale,VA,Mid-Atlantic,43025,4,true,17,21,0,2,0,9.700105900691511,2025-12-15T23:12:46.131324+00:00
467,McLean,VA,Mid-Atlantic,48581,4,true,17,21,0,2,0,7.3086459917423765,2025-12-15T23:12:46.131324+00:00
468,Reston,VA,Mid-Atlantic,61120,4,true,17,21,0,2,0,4.504118693767504,2025-12-15T23:12:46.131324+00:00
469,Vienna,VA,Mid-Atlantic,16473,4,true,17,21,0,2,0,7.080164200102351,2025-12-15T23:12:46.131324+00:00
470,Falls Church,VA,Mid-Atlantic,15438,4,true,17,21,0,2,0,7.298395712304702,2025-12-15T23:12:46.131324+00:00
471,Fairfax,VA,Mid-Atlantic,24019,4,true,17,21,0,2,0,10.924967722753504,2025-12-15T23:12:46.131324+00:00
472,Montclair,VA,Mid-Atlantic,20000,4,true,15,17,0,2,0,7.682645841665805,2025-12-15T23:12:46.131324+00:00
473,Lake Ridge,VA,Mid-Atlantic,45111,4,true,17,21,0,2,0,3.8368204649803297,2025-12-15T23:12:46.131324+00:00
474,Springfield,VA,Mid-Atlantic,33191,4,true,16,20,0,2,0,7.814479073661638,2025-12-15T23:12:46.131324+00:00
475,Chantilly,VA,Mid-Atlantic,23039,4,true,17,19,0,2,0,6.849729838920564,2025-12-15T23:12:46.131324+00:00
476,Purcellville,VA,Mid-Atlantic,10063,4,true,19,24,3,0,0,8.180571422956199,2025-12-15T23:12:46.131324+00:00
477,Middleburg,VA,Mid-Atlantic,600,4,true,19,26,3,0,0,13.668182564003109,2025-12-15T23:12:46.131324+00:00
478,Waynesboro,VA,Mid-Atlantic,22630,4,true,4,6,0,0,0,0,2025-12-15T23:12:46.131324+00:00
479,Staunton,VA,Mid-Atlantic,25750,4,true,3,5,0,0,0,0,2025-12-15T23:12:46.131324+00:00
480,Winchester,VA,Mid-Atlantic,28120,4,true,2,9,3,0,0,0,2025-12-15T23:12:46.131324+00:00
481,Front Royal,VA,Mid-Atlantic,15584,4,true,2,9,3,0,0,0,2025-12-15T23:12:46.131324+00:00
482,Culpeper,VA,Mid-Atlantic,20454,4,true,1,3,0,0,0,0,2025-12-15T23:12:46.131324+00:00
483,Warrenton,VA,Mid-Atlantic,10202,4,true,5,8,0,0,0,19.855045365756453,2025-12-15T23:12:46.131324+00:00
484,Round Hill,VA,Mid-Atlantic,2500,4,true,19,26,3,0,0,10.955939698131314,2025-12-15T23:12:46.131324+00:00
485,Hamilton,VA,Mid-Atlantic,800,4,true,18,22,3,0,0,5.415174604630298,2025-12-15T23:12:46.131324+00:00
486,Berryville,VA,Mid-Atlantic,4338,4,true,5,12,3,0,0,3.608486337217695,2025-12-15T23:12:46.131324+00:00
487,Charlottesville,VA,Mid-Atlantic,47217,4,true,2,4,0,0,0,0,2025-12-15T23:12:46.131324+00:00
488,Petersburg,VA,Mid-Atlantic,33458,4,true,2,2,0,0,0,0,2025-12-15T23:12:46.131324+00:00
489,Danville,VA,Mid-Atlantic,40044,4,true,2,13,8,0,0,0,2025-12-15T23:12:46.131324+00:00
490,Bristol,VA,Mid-Atlantic,17141,4,true,2,3,0,0,1,0,2025-12-15T23:12:46.131324+00:00
491,Martinsville,VA,Mid-Atlantic,12554,4,true,2,2,0,0,0,0,2025-12-15T23:12:46.131324+00:00
492,Radford,VA,Mid-Atlantic,17646,4,true,3,3,0,0,0,0,2025-12-15T23:12:46.131324+00:00
493,Salem,VA,Mid-Atlantic,25301,4,true,4,4,0,0,0,0,2025-12-15T23:12:46.131324+00:00
494,Blacksburg,VA,Mid-Atlantic,44826,4,true,5,5,0,0,0,0,2025-12-15T23:12:46.131324+00:00
495,Christiansburg,VA,Mid-Atlantic,22482,4,true,5,5,0,0,0,0,2025-12-15T23:12:46.131324+00:00
496,Wytheville,VA,Mid-Atlantic,8100,4,true,4,4,0,0,0,0,2025-12-15T23:12:46.131324+00:00
497,Abingdon,VA,Mid-Atlantic,8191,4,true,3,4,0,0,1,0,2025-12-15T23:12:46.131324+00:00
498,Marion,VA,Mid-Atlantic,5968,4,true,4,4,0,0,0,0,2025-12-15T23:12:46.131324+00:00
499,Tazewell,VA,Mid-Atlantic,4627,4,true,4,4,0,0,0,0,2025-12-15T23:12:46.131324+00:00
500,Bluefield,VA,Mid-Atlantic,5444,4,true,3,3,0,0,0,0,2025-12-15T23:12:46.131324+00:00