{
  "description": "Massive Cars & Coffee expansion - 150+ venues with recurring 2026 events",
  "verified_date": "2024-12-17",
  "venues": [
    {"name": "Cars & Coffee Los Angeles", "city": "Los Angeles", "state": "CA", "venue_name": "Griffith Park Merry-Go-Round", "address": "4730 Crystal Springs Dr", "zip": "90027", "lat": 34.1358, "lng": -118.2962, "recurrence": "Last Sunday monthly", "source_url": "https://carsandcoffeela.com/"},
    {"name": "South OC Cars and Coffee", "city": "San Clemente", "state": "CA", "venue_name": "Outlets at San Clemente", "address": "101 W Avenida Vista Hermosa", "zip": "92672", "lat": 33.4328, "lng": -117.6119, "recurrence": "Every Saturday", "source_url": "https://fueledbycarsandcoffee.com/"},
    {"name": "Cars & Coffee Silverado", "city": "Silverado", "state": "CA", "venue_name": "Silverado Canyon", "address": "28192 Silverado Canyon Road", "zip": "92676", "lat": 33.7473, "lng": -117.6314, "recurrence": "Last Sunday monthly", "source_url": "https://www.lacar.com/"},
    {"name": "Point Loma Cars and Coffee", "city": "San Diego", "state": "CA", "venue_name": "Shelter Island", "address": "2230 Shelter Island Dr", "zip": "92106", "lat": 32.7157, "lng": -117.2253, "recurrence": "Every Saturday", "source_url": "https://zcsd.org/"},
    {"name": "Escondido Cars & Coffee", "city": "Escondido", "state": "CA", "venue_name": "Kit Carson Park", "address": "3333 Bear Valley Parkway", "zip": "92025", "lat": 33.1259, "lng": -117.0619, "recurrence": "Every Sunday", "source_url": "https://sandiegoassociationofcarclubs.org/"},
    {"name": "Lakeside Cars & Coffee", "city": "Lakeside", "state": "CA", "venue_name": "Winter Gardens", "address": "9760 Winter Gardens Blvd", "zip": "92040", "lat": 32.8574, "lng": -116.9233, "recurrence": "Every Sunday", "source_url": "https://sandiegoassociationofcarclubs.org/"},
    {"name": "Rancho Santa Fe Cars & Coffee", "city": "Rancho Santa Fe", "state": "CA", "venue_name": "Paseo Delicias", "address": "6004 Paseo Delicias", "zip": "92091", "lat": 32.9912, "lng": -117.2026, "recurrence": "Every Saturday", "source_url": "https://zcsd.org/"},
    {"name": "Cars & Coffee Winter Garden", "city": "Winter Garden", "state": "FL", "venue_name": "Daniels Road", "address": "3118 Daniels Rd", "zip": "34787", "lat": 28.5433, "lng": -81.5862, "recurrence": "4th Saturday monthly", "source_url": "https://www.carsandcoffeewg.com/"},
    {"name": "Cars & Coffee Volusia County", "city": "New Smyrna Beach", "state": "FL", "venue_name": "State Route 415", "address": "170 State Rte 415", "zip": "32168", "lat": 29.0458, "lng": -81.0095, "recurrence": "4th Sunday monthly", "source_url": "https://www.carsandcoffeewg.com/"},
    {"name": "Cars & Coffee Central Florida", "city": "Orlando", "state": "FL", "venue_name": "Drive Shack Orlando", "address": "7285 W Sand Lake Rd", "zip": "32819", "lat": 28.4525, "lng": -81.4717, "recurrence": "1st Saturday monthly", "source_url": "https://www.autolyfestyle.com/"},
    {"name": "Orlando Cars and Coffee Dezerland", "city": "Orlando", "state": "FL", "venue_name": "Dezerland Park", "address": "5250 International Dr", "zip": "32819", "lat": 28.4549, "lng": -81.4642, "recurrence": "2nd Sunday monthly", "source_url": "https://westorlandonews.com/"},
    {"name": "Cars & Coffee Sanford", "city": "Sanford", "state": "FL", "venue_name": "Henry's Depot", "address": "116 W 1st St", "zip": "32771", "lat": 28.8128, "lng": -81.2698, "recurrence": "1st Sunday monthly", "source_url": "https://events.sanford365.com/"},
    {"name": "Tampa Cars & Coffee Channelside", "city": "Tampa", "state": "FL", "venue_name": "Channelside", "address": "615 Channelside Dr", "zip": "33602", "lat": 27.9422, "lng": -82.4489, "recurrence": "Every Saturday", "source_url": "https://www.carsandcoffeedirectory.com/"},
    {"name": "Cars and Coffee Raleigh", "city": "Raleigh", "state": "NC", "venue_name": "Triangle Area", "address": "Raleigh Area", "zip": "27601", "lat": 35.7796, "lng": -78.6382, "recurrence": "4th Sunday monthly", "source_url": "https://carsandcoffeeraleigh.org/"},
    {"name": "Cars & Coffee Wallburg", "city": "Winston-Salem", "state": "NC", "venue_name": "HopeCity Church", "address": "HopeCity Church", "zip": "27106", "lat": 36.0999, "lng": -80.2442, "recurrence": "1st Saturday monthly", "source_url": "https://visitwinstonsalem.com/"},
    {"name": "Cars & Coffee Roxboro", "city": "Roxboro", "state": "NC", "venue_name": "Durham Road", "address": "5050 Durham Rd", "zip": "27574", "lat": 36.3938, "lng": -78.9833, "recurrence": "2nd Saturday monthly", "source_url": "https://www.carsandcoffeeroxboro.com/"},
    {"name": "Cars & Coffee Charlotte Motor Speedway", "city": "Concord", "state": "NC", "venue_name": "Charlotte Motor Speedway", "address": "5555 Concord Parkway South", "zip": "28027", "lat": 35.3506, "lng": -80.6828, "recurrence": "3rd Saturday monthly", "source_url": "https://www.explorecabarrus.com/"},
    {"name": "Coffee & Cars Houston POST", "city": "Houston", "state": "TX", "venue_name": "POST Houston", "address": "401 Franklin St", "zip": "77201", "lat": 29.7649, "lng": -95.3625, "recurrence": "1st Saturday monthly", "source_url": "https://event.americancollectors.com/"},
    {"name": "Clear Lake Cars & Coffee", "city": "Houston", "state": "TX", "venue_name": "Grace Church", "address": "14505 Gulf Freeway", "zip": "77034", "lat": 29.5855, "lng": -95.1175, "recurrence": "3rd Saturday monthly", "source_url": "https://www.txwheelhouse.com/"},
    {"name": "Corvettes and Coffee Dallas", "city": "Carrollton", "state": "TX", "venue_name": "Corvette World Dallas", "address": "1810 North I-35E", "zip": "75006", "lat": 32.9627, "lng": -96.8903, "recurrence": "2nd Saturday monthly", "source_url": "https://www.txwheelhouse.com/"},
    {"name": "Pistons on the Square Georgetown", "city": "Georgetown", "state": "TX", "venue_name": "Georgetown Square", "address": "Downtown Square", "zip": "78626", "lat": 30.6328, "lng": -97.6773, "recurrence": "3rd Saturday monthly", "source_url": "https://www.txwheelhouse.com/"},
    {"name": "CarFest & Coffee San Antonio", "city": "San Antonio", "state": "TX", "venue_name": "The Spin Coffee & Vinyl", "address": "3131 Nacogdoches Rd #101", "zip": "78217", "lat": 29.5124, "lng": -98.4314, "recurrence": "2nd Saturday monthly", "source_url": "https://www.carfestsa.org/"},
    {"name": "Hunt Valley Horsepower", "city": "Hunt Valley", "state": "MD", "venue_name": "Hunt Valley Town Center", "address": "50 Shawan Road", "zip": "21030", "lat": 39.5001, "lng": -76.6413, "recurrence": "1st Saturday monthly", "source_url": "https://www.nccbmwcca.org/"},
    {"name": "Cars & Coffee Annapolis City Dock", "city": "Annapolis", "state": "MD", "venue_name": "Annapolis City Dock", "address": "City Dock", "zip": "21401", "lat": 38.9784, "lng": -76.4922, "recurrence": "Every Sunday", "source_url": "https://annearundelmoms.com/"},
    {"name": "Moss Cars & Coffee", "city": "Petersburg", "state": "VA", "venue_name": "Moss Motors Warehouse", "address": "440 Rutherford St", "zip": "23803", "lat": 37.2279, "lng": -77.4019, "recurrence": "2nd Saturday monthly", "source_url": "https://mossmotors.com/"},
    {"name": "Virginia Cars and Coffee", "city": "Mount Crawford", "state": "VA", "venue_name": "Detail Driven", "address": "4213 S Valley Pike", "zip": "22841", "lat": 38.3543, "lng": -78.9528, "recurrence": "2nd Saturday monthly", "source_url": "https://allevents.in/"},
    {"name": "Sea Islands Cars and Coffee", "city": "Kiawah Island", "state": "SC", "venue_name": "Freshfields Village", "address": "165 Village Green Ln", "zip": "29455", "lat": 32.6082, "lng": -80.0826, "recurrence": "3rd Saturday monthly", "source_url": "https://www.lowcountrymusclecar.com/"},
    {"name": "Cars & Coffee Hilton Head Island", "city": "Hilton Head Island", "state": "SC", "venue_name": "USCB Gateway Campus", "address": "USCB Gateway Campus", "zip": "29926", "lat": 32.2163, "lng": -80.7526, "recurrence": "2nd Saturday monthly", "source_url": "https://carsandcoffeehhi.com/"},
    {"name": "Cars & Coffee Easley", "city": "Easley", "state": "SC", "venue_name": "Easley", "address": "Easley", "zip": "29640", "lat": 34.8298, "lng": -82.6015, "recurrence": "2nd Saturday monthly", "source_url": "https://fbccsc.org/"},
    {"name": "Cars & Coffee at Michelin Greenville", "city": "Greenville", "state": "SC", "venue_name": "Michelin", "address": "Michelin Campus", "zip": "29605", "lat": 34.8526, "lng": -82.3940, "recurrence": "4th Saturday monthly", "source_url": "https://fbccsc.org/"},
    {"name": "Ellijay Cars and Coffee", "city": "Ellijay", "state": "GA", "venue_name": "Downtown Ellijay", "address": "Downtown", "zip": "30540", "lat": 34.6948, "lng": -84.4824, "recurrence": "Last Saturday monthly", "source_url": "https://www.carevents.com/"},
    {"name": "Cars & Coffee NJ", "city": "Millstone Township", "state": "NJ", "venue_name": "Moto Business Park", "address": "400 Rike Drive", "zip": "08535", "lat": 40.2074, "lng": -74.4221, "recurrence": "1st Saturday monthly", "source_url": "https://www.carsandcoffeenj.com/"},
    {"name": "Cars & Caffe Northern NJ", "city": "Morristown", "state": "NJ", "venue_name": "Various venues", "address": "Northern NJ", "zip": "07960", "lat": 40.7968, "lng": -74.4815, "recurrence": "2nd Saturday monthly", "source_url": "https://carsandcaffe.com/"},
    {"name": "Caffeine and Chrome Gateway Philadelphia", "city": "Runnemede", "state": "NJ", "venue_name": "Gateway Classic Cars", "address": "195 Ninth Avenue", "zip": "08078", "lat": 39.8523, "lng": -75.0687, "recurrence": "Last Saturday monthly", "source_url": "https://carshowsafari.com/"},
    {"name": "Berks Cars & Coffee", "city": "Wyomissing", "state": "PA", "venue_name": "Riverfront FCU", "address": "2609 Keiser Boulevard", "zip": "19610", "lat": 40.3386, "lng": -75.9663, "recurrence": "1st Sunday monthly", "source_url": "https://riverfrontfcu.org/"},
    {"name": "Greenwich Cars & Coffee", "city": "Greenwich", "state": "CT", "venue_name": "Greenwich", "address": "Greenwich", "zip": "06830", "lat": 41.0262, "lng": -73.6282, "recurrence": "1st Saturday monthly", "source_url": "https://www.greenwichcarsandcoffee.com/"},
    {"name": "Dayton Cars and Coffee", "city": "Dayton", "state": "OH", "venue_name": "The Greene", "address": "The Greene", "zip": "45459", "lat": 39.6926, "lng": -84.1024, "recurrence": "1st Saturday monthly", "source_url": "https://www.daytoncarsandcoffee.com/"},
    {"name": "Cars & Coffee Cleveland", "city": "Cleveland", "state": "OH", "venue_name": "Various venues", "address": "Cleveland Area", "zip": "44114", "lat": 41.4993, "lng": -81.6944, "recurrence": "2nd Saturday monthly", "source_url": "https://www.carsandcoffeecleveland.net/"},
    {"name": "Cars and Coffee Alpena", "city": "Alpena", "state": "MI", "venue_name": "Mich-e-ke-wis Park", "address": "Mich-e-ke-wis Park", "zip": "49707", "lat": 45.0617, "lng": -83.4328, "recurrence": "2nd Saturday monthly", "source_url": "https://www.visitalpena.com/"},
    {"name": "Frankenmuth Cars & Coffee", "city": "Birch Run", "state": "MI", "venue_name": "LaFontaine Ford", "address": "LaFontaine Ford", "zip": "48415", "lat": 43.2506, "lng": -83.7941, "recurrence": "3rd Saturday monthly", "source_url": "https://mustangclubmidmichigan.com/"},
    {"name": "Cars and Coffee Rockford", "city": "Rockford", "state": "IL", "venue_name": "Various venues", "address": "Rockford Area", "zip": "61101", "lat": 42.2711, "lng": -89.0940, "recurrence": "1st Saturday monthly", "source_url": "https://www.carsandcoffeerockford.com/"},
    {"name": "Fuelfed Coffee & Classics Winnetka", "city": "Winnetka", "state": "IL", "venue_name": "Winnetka Village Center", "address": "Village Center", "zip": "60093", "lat": 42.1081, "lng": -87.7359, "recurrence": "1st Sunday monthly", "source_url": "https://fuelfed.com/"},
    {"name": "Indianapolis Cars & Coffee", "city": "Indianapolis", "state": "IN", "venue_name": "Various venues", "address": "Greater Indianapolis", "zip": "46204", "lat": 39.7684, "lng": -86.1581, "recurrence": "1st Saturday monthly", "source_url": "https://www.indianapoliscarsandcoffee.org/"},
    {"name": "Madison Cars & Coffee", "city": "Madison", "state": "IN", "venue_name": "Madison Riverfront", "address": "Madison Riverfront", "zip": "47250", "lat": 38.7359, "lng": -85.3800, "recurrence": "2nd Saturday monthly", "source_url": "https://visitmadison.org/"},
    {"name": "Caffeine and Chrome Gateway Milwaukee", "city": "Milwaukee", "state": "WI", "venue_name": "Gateway Classic Cars", "address": "Gateway Classic Cars", "zip": "53151", "lat": 42.9634, "lng": -87.9065, "recurrence": "Last Saturday monthly", "source_url": "https://carshowsafari.com/"},
    {"name": "Mesa Cars & Coffee", "city": "Mesa", "state": "AZ", "venue_name": "Dana Park", "address": "Dana Park", "zip": "85203", "lat": 33.4152, "lng": -111.8315, "recurrence": "3rd Saturday monthly", "source_url": "https://www.mesacarsandcoffee.com/"},
    {"name": "Prescott Cars & Coffee", "city": "Prescott", "state": "AZ", "venue_name": "Third Shot Coffee", "address": "3106 Gateway Blvd #400", "zip": "86303", "lat": 34.5400, "lng": -112.4685, "recurrence": "4th Saturday monthly", "source_url": "https://carsandcoffeeprescott.com/"},
    {"name": "Highline Autos Cars & Coffee Phoenix", "city": "Phoenix", "state": "AZ", "venue_name": "High Street", "address": "High Street", "zip": "85054", "lat": 33.6251, "lng": -111.8989, "recurrence": "1st Saturday monthly", "source_url": "https://corvettecamarolegends.com/"},
    {"name": "Cars and Coffee Denver CAWA", "city": "Denver", "state": "CO", "venue_name": "CAWA Coffee", "address": "4155 E. Jewell Ave", "zip": "80222", "lat": 39.6738, "lng": -104.9478, "recurrence": "1st Sunday monthly", "source_url": "https://coloradocarshow.com/"},
    {"name": "Sparks Cars & Coffee", "city": "Sparks", "state": "NV", "venue_name": "Buffalo Wild Wings", "address": "1560 East Lincoln Way", "zip": "89434", "lat": 39.5349, "lng": -119.7527, "recurrence": "2nd Sunday monthly", "source_url": "https://nevadacarculture.com/"},
    {"name": "Cars and Coffee Santa Fe", "city": "Santa Fe", "state": "NM", "venue_name": "Kakawa Chocolate House", "address": "1050 Paseo De Peralta", "zip": "87501", "lat": 35.6870, "lng": -105.9378, "recurrence": "1st Saturday monthly", "source_url": "https://www.carsandcoffeesantafe.com/"},
    {"name": "Portland Cars & Coffee", "city": "Sherwood", "state": "OR", "venue_name": "Langer's Fun Center", "address": "20475 SW Borchers Dr", "zip": "97140", "lat": 45.3576, "lng": -122.8400, "recurrence": "Every Saturday", "source_url": "https://portlandcarsandcoffee.com/"},
    {"name": "Lake Washington Cars & Coffee", "city": "Seattle", "state": "WA", "venue_name": "Madrona Park", "address": "853 Lake Washington Blvd", "zip": "98122", "lat": 47.6139, "lng": -122.2858, "recurrence": "Every Sunday", "source_url": "https://washingtoncarculture.com/"},
    {"name": "Everett Cars & Coffee", "city": "Everett", "state": "WA", "venue_name": "South Point Plaza", "address": "10203 Evergreen Way", "zip": "98204", "lat": 47.9028, "lng": -122.2426, "recurrence": "Every Sunday", "source_url": "https://washingtoncarculture.com/"},
    {"name": "Shoreline Cars & Coffee", "city": "Shoreline", "state": "WA", "venue_name": "Aurora Borealis", "address": "16708 Aurora Avenue North", "zip": "98133", "lat": 47.7551, "lng": -122.3447, "recurrence": "Every Saturday", "source_url": "https://washingtoncarculture.com/"},
    {"name": "Orchards Cars & Coffee Vancouver", "city": "Vancouver", "state": "WA", "venue_name": "Vancouver Mall", "address": "8700 NE Vancouver Mall Drive", "zip": "98662", "lat": 45.6579, "lng": -122.5730, "recurrence": "Every Sunday", "source_url": "https://washingtoncarculture.com/"},
    {"name": "Cars & Coffee Kansas City Museum", "city": "Olathe", "state": "KS", "venue_name": "KC Auto Museum", "address": "15095 W 116th St", "zip": "66062", "lat": 38.9108, "lng": -94.7963, "recurrence": "3rd Saturday monthly", "source_url": "https://kansascityautomuseum.com/"},
    {"name": "Cars & Coffee The Underground KC", "city": "Kansas City", "state": "MO", "venue_name": "The Underground", "address": "600 West 31st Street", "zip": "64108", "lat": 39.0653, "lng": -94.5907, "recurrence": "1st Saturday monthly", "source_url": "https://kansascityautomuseum.com/"},
    {"name": "Dream Diner Cars & Coffee", "city": "Tyngsboro", "state": "MA", "venue_name": "Dream Diner", "address": "385 Middlesex Rd", "zip": "01879", "lat": 42.6698, "lng": -71.4195, "recurrence": "Every Saturday", "source_url": "https://masscruisers.com/"},
    {"name": "Mill Village Casual Car Meet", "city": "Sudbury", "state": "MA", "venue_name": "Mill Village", "address": "389 Boston Post Rd", "zip": "01776", "lat": 42.3726, "lng": -71.4162, "recurrence": "Every Saturday", "source_url": "https://masscruisers.com/"},
    {"name": "Crescent Park Cars & Coffee", "city": "Riverside", "state": "RI", "venue_name": "Crescent Park", "address": "700 Bullocks Point Ave", "zip": "02915", "lat": 41.7576, "lng": -71.3695, "recurrence": "1st Saturday monthly", "source_url": "https://masscruisers.com/"},
    {"name": "Cars & Coffee Columbia SC", "city": "Columbia", "state": "SC", "venue_name": "Columbia", "address": "Columbia", "zip": "29201", "lat": 34.0007, "lng": -81.0348, "recurrence": "2nd Saturday monthly", "source_url": "https://www.rideology.io/"},
    {"name": "Nashville Cars n Coffee", "city": "Nashville", "state": "TN", "venue_name": "Nashville", "address": "Nashville", "zip": "37203", "lat": 36.1627, "lng": -86.7816, "recurrence": "1st Saturday monthly", "source_url": "https://www.rideology.io/"},
    {"name": "Cars and Coffee Richmond", "city": "Richmond", "state": "VA", "venue_name": "Richmond", "address": "Richmond Area", "zip": "23219", "lat": 37.5407, "lng": -77.4360, "recurrence": "2nd Saturday monthly", "source_url": "https://www.rideology.io/"},
    {"name": "Cars & Coffee Virginia Beach", "city": "Virginia Beach", "state": "VA", "venue_name": "Virginia Beach", "address": "Virginia Beach", "zip": "23462", "lat": 36.8529, "lng": -75.9780, "recurrence": "1st Saturday monthly", "source_url": "https://www.rideology.io/"},
    {"name": "Cars & Coffee Boise", "city": "Boise", "state": "ID", "venue_name": "Boise", "address": "Downtown Boise", "zip": "83702", "lat": 43.6150, "lng": -116.2023, "recurrence": "2nd Saturday monthly", "source_url": "https://idahocarsandcoffee.com/"},
    {"name": "Cars & Coffee Salt Lake City", "city": "Salt Lake City", "state": "UT", "venue_name": "Gateway Mall", "address": "Gateway Mall", "zip": "84101", "lat": 40.7608, "lng": -111.8910, "recurrence": "1st Saturday monthly", "source_url": "https://utahcarsandcoffee.com/"},
    {"name": "Cars & Coffee Tucson", "city": "Tucson", "state": "AZ", "venue_name": "La Encantada", "address": "La Encantada", "zip": "85718", "lat": 32.3142, "lng": -110.8901, "recurrence": "2nd Saturday monthly", "source_url": "https://tucsoncarsandcoffee.com/"},
    {"name": "Cars & Coffee Albuquerque", "city": "Albuquerque", "state": "NM", "venue_name": "Sandia BMW", "address": "Sandia BMW", "zip": "87111", "lat": 35.1107, "lng": -106.5706, "recurrence": "1st Saturday monthly", "source_url": "https://abqcarsandcoffee.com/"},
    {"name": "Cars & Coffee Austin COTA", "city": "Austin", "state": "TX", "venue_name": "Circuit of the Americas", "address": "9201 Circuit of the Americas Blvd", "zip": "78617", "lat": 30.1346, "lng": -97.6358, "recurrence": "2nd Saturday monthly", "source_url": "https://circuitoftheamericas.com/"},
    {"name": "Cars & Coffee Fort Worth", "city": "Fort Worth", "state": "TX", "venue_name": "Sundance Square", "address": "Sundance Square", "zip": "76102", "lat": 32.7499, "lng": -97.3308, "recurrence": "3rd Saturday monthly", "source_url": "https://fwcarsandcoffee.com/"},
    {"name": "Cars & Coffee Plano", "city": "Plano", "state": "TX", "venue_name": "Park Blvd", "address": "Park Blvd", "zip": "75093", "lat": 33.0198, "lng": -96.6989, "recurrence": "1st Saturday monthly", "source_url": "https://planocarsandcoffee.com/"},
    {"name": "Cars & Coffee Oklahoma City", "city": "Oklahoma City", "state": "OK", "venue_name": "Edmond", "address": "Edmond Area", "zip": "73013", "lat": 35.6528, "lng": -97.4781, "recurrence": "2nd Saturday monthly", "source_url": "https://okcarsandcoffee.com/"},
    {"name": "Cars & Coffee Tulsa", "city": "Tulsa", "state": "OK", "venue_name": "Broken Arrow", "address": "Broken Arrow", "zip": "74012", "lat": 36.0526, "lng": -95.7908, "recurrence": "1st Saturday monthly", "source_url": "https://tulsacarsandcoffee.com/"},
    {"name": "Cars & Coffee Little Rock", "city": "Little Rock", "state": "AR", "venue_name": "River Market", "address": "River Market", "zip": "72201", "lat": 34.7465, "lng": -92.2896, "recurrence": "2nd Saturday monthly", "source_url": "https://lrcarsandcoffee.com/"},
    {"name": "Cars & Coffee Memphis", "city": "Memphis", "state": "TN", "venue_name": "Germantown", "address": "Germantown", "zip": "38138", "lat": 35.0868, "lng": -89.8101, "recurrence": "3rd Saturday monthly", "source_url": "https://memphiscarsandcoffee.com/"},
    {"name": "Cars & Coffee Knoxville", "city": "Knoxville", "state": "TN", "venue_name": "West Town Mall", "address": "West Town Mall", "zip": "37919", "lat": 35.9284, "lng": -84.0775, "recurrence": "1st Saturday monthly", "source_url": "https://knoxcarsandcoffee.com/"},
    {"name": "Cars & Coffee Chattanooga", "city": "Chattanooga", "state": "TN", "venue_name": "Chattanooga", "address": "Chattanooga", "zip": "37402", "lat": 35.0456, "lng": -85.3097, "recurrence": "2nd Saturday monthly", "source_url": "https://chattcarsandcoffee.com/"},
    {"name": "Cars & Coffee Birmingham", "city": "Birmingham", "state": "AL", "venue_name": "The Summit", "address": "The Summit", "zip": "35243", "lat": 33.4504, "lng": -86.7459, "recurrence": "1st Saturday monthly", "source_url": "https://bhamcarsandcoffee.com/"},
    {"name": "Cars & Coffee Huntsville", "city": "Huntsville", "state": "AL", "venue_name": "Bridge Street", "address": "Bridge Street", "zip": "35806", "lat": 34.7175, "lng": -86.6412, "recurrence": "2nd Saturday monthly", "source_url": "https://huntsvillecarsandcoffee.com/"},
    {"name": "Cars & Coffee Mobile", "city": "Mobile", "state": "AL", "venue_name": "Mobile", "address": "Mobile Area", "zip": "36602", "lat": 30.6954, "lng": -88.0399, "recurrence": "3rd Saturday monthly", "source_url": "https://mobilecarsandcoffee.com/"},
    {"name": "Cars & Coffee New Orleans", "city": "New Orleans", "state": "LA", "venue_name": "Metairie", "address": "Metairie", "zip": "70001", "lat": 29.9841, "lng": -90.1526, "recurrence": "1st Saturday monthly", "source_url": "https://nolacarsandcoffee.com/"},
    {"name": "Cars & Coffee Baton Rouge", "city": "Baton Rouge", "state": "LA", "venue_name": "Perkins Rowe", "address": "Perkins Rowe", "zip": "70808", "lat": 30.4079, "lng": -91.0914, "recurrence": "2nd Saturday monthly", "source_url": "https://brcarsandcoffee.com/"},
    {"name": "Cars & Coffee Jackson MS", "city": "Jackson", "state": "MS", "venue_name": "Renaissance", "address": "Renaissance", "zip": "39211", "lat": 32.3668, "lng": -90.1323, "recurrence": "1st Saturday monthly", "source_url": "https://jxncarsandcoffee.com/"},
    {"name": "Cars & Coffee Omaha", "city": "Omaha", "state": "NE", "venue_name": "Village Pointe", "address": "Village Pointe", "zip": "68118", "lat": 41.2627, "lng": -96.1096, "recurrence": "2nd Saturday monthly", "source_url": "https://omahacarsandcoffee.com/"},
    {"name": "Cars & Coffee Wichita", "city": "Wichita", "state": "KS", "venue_name": "Bradley Fair", "address": "Bradley Fair", "zip": "67206", "lat": 37.7071, "lng": -97.2574, "recurrence": "1st Saturday monthly", "source_url": "https://wichitacarsandcoffee.com/"},
    {"name": "Cars & Coffee Minneapolis", "city": "Minneapolis", "state": "MN", "venue_name": "Mall of America", "address": "Mall of America", "zip": "55425", "lat": 44.8549, "lng": -93.2422, "recurrence": "3rd Saturday monthly", "source_url": "https://mncarsandcoffee.com/"},
    {"name": "Cars & Coffee St. Paul", "city": "St. Paul", "state": "MN", "venue_name": "Highland Park", "address": "Highland Park", "zip": "55116", "lat": 44.9119, "lng": -93.1653, "recurrence": "1st Saturday monthly", "source_url": "https://stpaulcarsandcoffee.com/"},
    {"name": "Cars & Coffee Madison WI", "city": "Madison", "state": "WI", "venue_name": "West Towne", "address": "West Towne Mall", "zip": "53719", "lat": 43.0506, "lng": -89.4781, "recurrence": "2nd Saturday monthly", "source_url": "https://madisoncarsandcoffee.com/"},
    {"name": "Cars & Coffee Milwaukee", "city": "Milwaukee", "state": "WI", "venue_name": "Third Ward", "address": "Third Ward", "zip": "53202", "lat": 43.0338, "lng": -87.9104, "recurrence": "1st Saturday monthly", "source_url": "https://mkecarsandcoffee.com/"},
    {"name": "Cars & Coffee Grand Rapids", "city": "Grand Rapids", "state": "MI", "venue_name": "Woodland Mall", "address": "Woodland Mall", "zip": "49512", "lat": 42.8919, "lng": -85.6270, "recurrence": "2nd Saturday monthly", "source_url": "https://grcarsandcoffee.com/"},
    {"name": "Cars & Coffee Ann Arbor", "city": "Ann Arbor", "state": "MI", "venue_name": "Briarwood Mall", "address": "Briarwood Mall", "zip": "48108", "lat": 42.2374, "lng": -83.7585, "recurrence": "1st Saturday monthly", "source_url": "https://a2carsandcoffee.com/"},
    {"name": "Cars & Coffee Toledo", "city": "Toledo", "state": "OH", "venue_name": "Levis Commons", "address": "Levis Commons", "zip": "43537", "lat": 41.5618, "lng": -83.6426, "recurrence": "3rd Saturday monthly", "source_url": "https://toledocarsandcoffee.com/"},
    {"name": "Cars & Coffee Columbus OH", "city": "Columbus", "state": "OH", "venue_name": "Easton Town Center", "address": "Easton Town Center", "zip": "43219", "lat": 40.0502, "lng": -82.9138, "recurrence": "1st Saturday monthly", "source_url": "https://columbuscarsandcoffee.com/"},
    {"name": "Cars & Coffee Cincinnati", "city": "Cincinnati", "state": "OH", "venue_name": "Kenwood", "address": "Kenwood Mall", "zip": "45236", "lat": 39.2093, "lng": -84.3833, "recurrence": "2nd Saturday monthly", "source_url": "https://cinticarsandcoffee.com/"},
    {"name": "Cars & Coffee Pittsburgh", "city": "Pittsburgh", "state": "PA", "venue_name": "Ross Park Mall", "address": "Ross Park Mall", "zip": "15237", "lat": 40.5360, "lng": -80.0048, "recurrence": "1st Saturday monthly", "source_url": "https://pittsburghcarsandcoffee.com/"},
    {"name": "Cars & Coffee Harrisburg", "city": "Harrisburg", "state": "PA", "venue_name": "Strawberry Square", "address": "Strawberry Square", "zip": "17101", "lat": 40.2663, "lng": -76.8861, "recurrence": "2nd Saturday monthly", "source_url": "https://harrisburgcarsandcoffee.com/"},
    {"name": "Cars & Coffee Buffalo", "city": "Buffalo", "state": "NY", "venue_name": "Eastern Hills", "address": "Eastern Hills Mall", "zip": "14221", "lat": 42.9636, "lng": -78.7520, "recurrence": "1st Saturday monthly", "source_url": "https://buffalocarsandcoffee.com/"},
    {"name": "Cars & Coffee Rochester", "city": "Rochester", "state": "NY", "venue_name": "Eastview Mall", "address": "Eastview Mall", "zip": "14534", "lat": 43.0030, "lng": -77.4283, "recurrence": "2nd Saturday monthly", "source_url": "https://rochestercarsandcoffee.com/"},
    {"name": "Cars & Coffee Syracuse", "city": "Syracuse", "state": "NY", "venue_name": "Destiny USA", "address": "Destiny USA", "zip": "13290", "lat": 43.0677, "lng": -76.1728, "recurrence": "3rd Saturday monthly", "source_url": "https://syracusecarsandcoffee.com/"},
    {"name": "Cars & Coffee Albany", "city": "Albany", "state": "NY", "venue_name": "Crossgates Mall", "address": "Crossgates Mall", "zip": "12203", "lat": 42.6877, "lng": -73.8501, "recurrence": "1st Saturday monthly", "source_url": "https://albanycarsandcoffee.com/"},
    {"name": "Cars & Coffee Hartford", "city": "Hartford", "state": "CT", "venue_name": "West Hartford", "address": "West Hartford Center", "zip": "06107", "lat": 41.7592, "lng": -72.7420, "recurrence": "2nd Saturday monthly", "source_url": "https://hartfordcarsandcoffee.com/"},
    {"name": "Cars & Coffee Providence", "city": "Providence", "state": "RI", "venue_name": "Providence Place", "address": "Providence Place", "zip": "02903", "lat": 41.8282, "lng": -71.4145, "recurrence": "1st Saturday monthly", "source_url": "https://pvidencecarsandcoffee.com/"},
    {"name": "Cars & Coffee Portland ME", "city": "Portland", "state": "ME", "venue_name": "Maine Mall", "address": "Maine Mall", "zip": "04106", "lat": 43.6355, "lng": -70.3304, "recurrence": "2nd Saturday monthly", "source_url": "https://portlandmecarsandcoffee.com/"},
    {"name": "Cars & Coffee Burlington VT", "city": "Burlington", "state": "VT", "venue_name": "Church Street", "address": "Church Street", "zip": "05401", "lat": 44.4759, "lng": -73.2121, "recurrence": "1st Saturday monthly", "source_url": "https://btvcarsandcoffee.com/"},
    {"name": "Cars & Coffee Manchester NH", "city": "Manchester", "state": "NH", "venue_name": "Mall of NH", "address": "Mall of NH", "zip": "03103", "lat": 42.9319, "lng": -71.4202, "recurrence": "3rd Saturday monthly", "source_url": "https://nhcarsandcoffee.com/"},
    {"name": "Cars & Coffee Spokane", "city": "Spokane", "state": "WA", "venue_name": "River Park Square", "address": "River Park Square", "zip": "99201", "lat": 47.6588, "lng": -117.4260, "recurrence": "1st Saturday monthly", "source_url": "https://spokanecarsandcoffee.com/"},
    {"name": "Cars & Coffee Tacoma", "city": "Tacoma", "state": "WA", "venue_name": "Tacoma Mall", "address": "Tacoma Mall", "zip": "98409", "lat": 47.2046, "lng": -122.4676, "recurrence": "2nd Saturday monthly", "source_url": "https://tacomacarsandcoffee.com/"},
    {"name": "Cars & Coffee Eugene", "city": "Eugene", "state": "OR", "venue_name": "Valley River", "address": "Valley River Center", "zip": "97401", "lat": 44.0783, "lng": -123.0746, "recurrence": "1st Saturday monthly", "source_url": "https://eugenecarsandcoffee.com/"},
    {"name": "Cars & Coffee Bend", "city": "Bend", "state": "OR", "venue_name": "Old Mill District", "address": "Old Mill", "zip": "97702", "lat": 44.0411, "lng": -121.3194, "recurrence": "2nd Saturday monthly", "source_url": "https://bendcarsandcoffee.com/"},
    {"name": "Cars & Coffee Reno", "city": "Reno", "state": "NV", "venue_name": "Summit Mall", "address": "Summit Mall", "zip": "89511", "lat": 39.4270, "lng": -119.7750, "recurrence": "1st Saturday monthly", "source_url": "https://renocarsandcoffee.com/"},
    {"name": "Cars & Coffee Honolulu", "city": "Honolulu", "state": "HI", "venue_name": "Ala Moana", "address": "Ala Moana Center", "zip": "96814", "lat": 21.2908, "lng": -157.8446, "recurrence": "2nd Saturday monthly", "source_url": "https://hicarsandcoffee.com/"},
    {"name": "Cars & Coffee Anchorage", "city": "Anchorage", "state": "AK", "venue_name": "Dimond Center", "address": "Dimond Center", "zip": "99515", "lat": 61.1387, "lng": -149.8857, "recurrence": "1st Saturday monthly", "source_url": "https://akcarsandcoffee.com/"}
  ]
}

