{
  "batch": "Southwest Metro Expansion - Phoenix, Las Vegas, San Diego",
  "venues": [
    {
      "name": "Penske Automall Cars and Coffee",
      "city": "Phoenix",
      "state": "AZ",
      "venue_name": "Penske Racing Museum",
      "address": "7191 East Chauncey Lane",
      "zip": "85054",
      "lat": 33.6189,
      "lng": -111.8937,
      "recurrence": "3rd Saturday monthly",
      "source_url": "https://arizonacarsandcoffee.com/"
    },
    {
      "name": "Alpio's at Troon Cars and Coffee",
      "city": "Scottsdale",
      "state": "AZ",
      "venue_name": "Alpio's at Troon",
      "address": "10452 E Jomax Rd",
      "zip": "85262",
      "lat": 33.7418,
      "lng": -111.8464,
      "recurrence": "2nd Sunday monthly",
      "source_url": "https://corvettecamarolegends.com/"
    },
    {
      "name": "Cars and Coffee at Central Mesa",
      "city": "Mesa",
      "state": "AZ",
      "venue_name": "Central Christian Church",
      "address": "933 North Lindsay Road",
      "zip": "85213",
      "lat": 33.4359,
      "lng": -111.7293,
      "recurrence": "4th Saturday monthly",
      "source_url": "https://arizonacarsandcoffee.com/"
    },
    {
      "name": "Extreme Lowz Tempe Meetup",
      "city": "Tempe",
      "state": "AZ",
      "venue_name": "Kiwanis Park",
      "address": "Kiwanis Park",
      "zip": "85281",
      "lat": 33.3881,
      "lng": -111.9403,
      "recurrence": "1st Saturday monthly",
      "source_url": "https://www.roddinaz.com/"
    },
    {
      "name": "Celebrity Cars & Coffee Las Vegas",
      "city": "Las Vegas",
      "state": "NV",
      "venue_name": "Sansone Park Place",
      "address": "Sansone Park Place near Twin Peaks",
      "zip": "89135",
      "lat": 36.1345,
      "lng": -115.3148,
      "recurrence": "Every Saturday",
      "source_url": "https://www.carevents.com/"
    },
    {
      "name": "Shelby Cars and Coffee Las Vegas",
      "city": "Las Vegas",
      "state": "NV",
      "venue_name": "Shelby American",
      "address": "6405 Ensworth St",
      "zip": "89119",
      "lat": 36.0803,
      "lng": -115.1541,
      "recurrence": "1st Saturday monthly",
      "source_url": "https://vegasvalleymustangs.org/"
    },
    {
      "name": "San Diego Automotive Museum Cars and Coffee",
      "city": "San Diego",
      "state": "CA",
      "venue_name": "San Diego Automotive Museum",
      "address": "2080 Pan American Plaza",
      "zip": "92101",
      "lat": 32.7226,
      "lng": -117.1512,
      "recurrence": "3rd Sunday monthly",
      "source_url": "https://sdautomuseum.org/"
    },
    {
      "name": "Carlsbad Cars and Coffee",
      "city": "Carlsbad",
      "state": "CA",
      "venue_name": "Avenida Encinas",
      "address": "7130 Avenida Encinas",
      "zip": "92011",
      "lat": 33.1292,
      "lng": -117.2963,
      "recurrence": "Every Saturday",
      "source_url": "https://www.sandiegoreader.com/"
    },
    {
      "name": "La Jolla Cars and Coffee",
      "city": "La Jolla",
      "state": "CA",
      "venue_name": "Prospect Street",
      "address": "1298 Prospect Street",
      "zip": "92037",
      "lat": 32.8473,
      "lng": -117.2742,
      "recurrence": "2nd Sunday monthly",
      "source_url": "https://allevents.in/"
    },
    {
      "name": "Sunday Funday Cars and Coffee Chula Vista",
      "city": "Chula Vista",
      "state": "CA",
      "venue_name": "Yum Yum Donuts",
      "address": "517 Telegraph Canyon Road",
      "zip": "91910",
      "lat": 32.6259,
      "lng": -117.0491,
      "recurrence": "Every Sunday",
      "source_url": "https://www.idrivesocal.com/"
    }
  ]
}







