{
  "batch": "New England - CT, RI, NH, ME",
  "venues": [
    {
      "name": "Cars & Coffee Darien",
      "city": "Darien",
      "state": "CT",
      "venue_name": "Goodwives Shopping Center",
      "address": "25 Old Kings Highway North",
      "zip": "06820",
      "lat": 41.0537,
      "lng": -73.4687,
      "recurrence": "2nd Saturday monthly",
      "source_url": "https://carsandcoffeedarien.com/"
    },
    {
      "name": "Greenwich Cars & Coffee",
      "city": "Greenwich",
      "state": "CT",
      "venue_name": "Greenwich",
      "address": "Greenwich, CT",
      "zip": "06830",
      "lat": 41.0262,
      "lng": -73.6282,
      "recurrence": "1st Sunday monthly",
      "source_url": "https://www.greenwichcarsandcoffee.com/"
    },
    {
      "name": "New Haven Cars & Coffee Milford",
      "city": "Milford",
      "state": "CT",
      "venue_name": "Milford",
      "address": "Milford, CT",
      "zip": "06460",
      "lat": 41.2223,
      "lng": -73.0570,
      "recurrence": "Every Sunday",
      "source_url": "https://carsandcoffeedirectory.com/"
    },
    {
      "name": "Hartford Cars & Coffee West Hartford",
      "city": "West Hartford",
      "state": "CT",
      "venue_name": "West Hartford",
      "address": "West Hartford, CT",
      "zip": "06107",
      "lat": 41.7621,
      "lng": -72.7420,
      "recurrence": "Every Sunday",
      "source_url": "https://carsandcoffeedirectory.com/"
    },
    {
      "name": "Fairfield Cars & Coffee",
      "city": "Fairfield",
      "state": "CT",
      "venue_name": "Fairfield",
      "address": "Fairfield, CT",
      "zip": "06824",
      "lat": 41.1408,
      "lng": -73.2637,
      "recurrence": "Every Sunday",
      "source_url": "https://carsandcoffeedirectory.com/"
    },
    {
      "name": "Audrain Cars & Coffee Newport",
      "city": "Newport",
      "state": "RI",
      "venue_name": "Audrain Automobile Museum",
      "address": "Newport, RI",
      "zip": "02840",
      "lat": 41.4901,
      "lng": -71.3128,
      "recurrence": "1st Saturday monthly",
      "source_url": "https://www.audrainautomuseum.org/"
    },
    {
      "name": "Providence Cars & Coffee",
      "city": "Providence",
      "state": "RI",
      "venue_name": "Providence",
      "address": "Providence, RI",
      "zip": "02903",
      "lat": 41.8240,
      "lng": -71.4128,
      "recurrence": "2nd Saturday monthly",
      "source_url": "https://carsandcoffeedirectory.com/"
    },
    {
      "name": "Southern New Hampshire Cars and Coffee",
      "city": "Manchester",
      "state": "NH",
      "venue_name": "Comcast Parking Lot",
      "address": "676 Island Pond Rd",
      "zip": "03109",
      "lat": 42.9956,
      "lng": -71.4548,
      "recurrence": "3rd Sunday monthly",
      "source_url": "https://carsandcoffeeevents.com/"
    },
    {
      "name": "Nashua Cars & Coffee",
      "city": "Nashua",
      "state": "NH",
      "venue_name": "Nashua",
      "address": "Nashua, NH",
      "zip": "03060",
      "lat": 42.7654,
      "lng": -71.4676,
      "recurrence": "Every Saturday",
      "source_url": "https://carsandcoffeedirectory.com/"
    },
    {
      "name": "Cars & Coffee Portland Maine",
      "city": "South Portland",
      "state": "ME",
      "venue_name": "Maine Mall",
      "address": "Gorham Rd and Philbrook Ave",
      "zip": "04106",
      "lat": 43.6317,
      "lng": -70.3350,
      "recurrence": "2nd Saturday monthly",
      "source_url": "https://www.southportlandfoodcupboard.org/"
    },
    {
      "name": "Cars & Coffee Bangor Maine",
      "city": "Bangor",
      "state": "ME",
      "venue_name": "Dunkin Broadway",
      "address": "1066 Broadway",
      "zip": "04401",
      "lat": 44.8012,
      "lng": -68.7778,
      "recurrence": "Every Sunday",
      "source_url": "https://carcruisefinder.com/"
    }
  ]
}

