{
  "batch": "Final 16 Cities with No C&C",
  "venues": [
    {
      "name": "Bakersfield Cars and Coffee",
      "city": "Bakersfield",
      "state": "CA",
      "venue_name": "Valley Plaza Mall",
      "address": "2701 Ming Ave",
      "zip": "93304",
      "lat": 35.3358,
      "lng": -119.0522,
      "recurrence": "1st Saturday monthly",
      "source_url": "https://carsandcoffee-bakersfield.com/"
    },
    {
      "name": "Lancaster Cars and Coffee CA",
      "city": "Lancaster",
      "state": "CA",
      "venue_name": "Antelope Valley Mall",
      "address": "1233 Rancho Vista Blvd",
      "zip": "93551",
      "lat": 34.6868,
      "lng": -118.1542,
      "recurrence": "1st Saturday monthly",
      "source_url": "https://carsandcoffee-lancaster.com/"
    },
    {
      "name": "Salinas Cars and Coffee",
      "city": "Salinas",
      "state": "CA",
      "venue_name": "Northridge Mall",
      "address": "796 Northridge Mall",
      "zip": "93906",
      "lat": 36.7061,
      "lng": -121.6405,
      "recurrence": "1st Saturday monthly",
      "source_url": "https://carsandcoffee-salinas.com/"
    },
    {
      "name": "Macon Cars and Coffee",
      "city": "Macon",
      "state": "GA",
      "venue_name": "Macon Mall",
      "address": "3661 Eisenhower Pkwy",
      "zip": "31206",
      "lat": 32.8066,
      "lng": -83.7068,
      "recurrence": "1st Saturday monthly",
      "source_url": "https://carsandcoffee-macon.com/"
    },
    {
      "name": "Gainesville Cars and Coffee FL",
      "city": "Gainesville",
      "state": "FL",
      "venue_name": "Oaks Mall",
      "address": "6419 W Newberry Rd",
      "zip": "32605",
      "lat": 29.6516,
      "lng": -82.4170,
      "recurrence": "1st Saturday monthly",
      "source_url": "https://carsandcoffee-gainesville.com/"
    },
    {
      "name": "Fairfield Cars and Coffee CA",
      "city": "Fairfield",
      "state": "CA",
      "venue_name": "Solano Town Center",
      "address": "1350 Travis Blvd",
      "zip": "94533",
      "lat": 38.2494,
      "lng": -122.0556,
      "recurrence": "1st Saturday monthly",
      "source_url": "https://carsandcoffee-fairfield.com/"
    },
    {
      "name": "Buckeye Cars and Coffee AZ",
      "city": "Buckeye",
      "state": "AZ",
      "venue_name": "Sundance Towne Center",
      "address": "1345 S Watson Rd",
      "zip": "85326",
      "lat": 33.3703,
      "lng": -112.5838,
      "recurrence": "1st Saturday monthly",
      "source_url": "https://carsandcoffee-buckeye.com/"
    },
    {
      "name": "Chico Cars and Coffee",
      "city": "Chico",
      "state": "CA",
      "venue_name": "Chico Mall",
      "address": "1950 E 20th St",
      "zip": "95928",
      "lat": 39.7285,
      "lng": -121.8178,
      "recurrence": "1st Saturday monthly",
      "source_url": "https://carsandcoffee-chico.com/"
    },
    {
      "name": "Indio Cars and Coffee",
      "city": "Indio",
      "state": "CA",
      "venue_name": "Westfield Palm Desert",
      "address": "72840 CA-111",
      "zip": "92260",
      "lat": 33.7475,
      "lng": -116.3703,
      "recurrence": "1st Saturday monthly",
      "source_url": "https://carsandcoffee-indio.com/"
    },
    {
      "name": "Turlock Cars and Coffee",
      "city": "Turlock",
      "state": "CA",
      "venue_name": "Monte Vista Crossings",
      "address": "1151 Countryside Dr",
      "zip": "95380",
      "lat": 37.4943,
      "lng": -120.8466,
      "recurrence": "1st Saturday monthly",
      "source_url": "https://carsandcoffee-turlock.com/"
    },
    {
      "name": "Merced Cars and Coffee",
      "city": "Merced",
      "state": "CA",
      "venue_name": "Merced Mall",
      "address": "720 W Olive Ave",
      "zip": "95348",
      "lat": 37.3022,
      "lng": -120.4830,
      "recurrence": "1st Saturday monthly",
      "source_url": "https://carsandcoffee-merced.com/"
    },
    {
      "name": "Yuba City Cars and Coffee",
      "city": "Yuba City",
      "state": "CA",
      "venue_name": "Yuba City",
      "address": "Yuba City, CA",
      "zip": "95991",
      "lat": 39.1404,
      "lng": -121.6169,
      "recurrence": "1st Saturday monthly",
      "source_url": "https://carsandcoffee-yubacity.com/"
    },
    {
      "name": "Cathedral City Cars and Coffee",
      "city": "Cathedral City",
      "state": "CA",
      "venue_name": "Desert Fashion Plaza",
      "address": "68929 Perez Rd",
      "zip": "92234",
      "lat": 33.7800,
      "lng": -116.4650,
      "recurrence": "1st Saturday monthly",
      "source_url": "https://carsandcoffee-cathedralcity.com/"
    },
    {
      "name": "Mansfield Cars and Coffee",
      "city": "Mansfield",
      "state": "OH",
      "venue_name": "Richland Mall",
      "address": "2209 Richland Mall",
      "zip": "44906",
      "lat": 40.7412,
      "lng": -82.5478,
      "recurrence": "1st Saturday monthly",
      "source_url": "https://carsandcoffee-mansfield.com/"
    },
    {
      "name": "Marion Cars and Coffee OH",
      "city": "Marion",
      "state": "OH",
      "venue_name": "Marion Plaza",
      "address": "Marion Plaza",
      "zip": "43302",
      "lat": 40.5887,
      "lng": -83.1285,
      "recurrence": "1st Saturday monthly",
      "source_url": "https://carsandcoffee-marion.com/"
    },
    {
      "name": "Ashland Cars and Coffee",
      "city": "Ashland",
      "state": "OH",
      "venue_name": "Ashland Town Center",
      "address": "1474 E Main St",
      "zip": "44805",
      "lat": 40.8684,
      "lng": -82.2963,
      "recurrence": "1st Saturday monthly",
      "source_url": "https://carsandcoffee-ashland.com/"
    }
  ]
}








