{
  "batch": "Fix Critical Gaps - NH, WV, MS",
  "venues": [
    {
      "name": "Cars & Coffee on Capitol Concord NH",
      "city": "Concord",
      "state": "NH",
      "venue_name": "Capitol Street",
      "address": "Capitol Street Downtown",
      "zip": "03301",
      "lat": 43.2081,
      "lng": -71.5376,
      "recurrence": "2nd Sunday monthly",
      "source_url": "https://oncapitol.com/"
    },
    {
      "name": "Nashua Cars & Coffee",
      "city": "Nashua",
      "state": "NH",
      "venue_name": "Nashua",
      "address": "Nashua, NH",
      "zip": "03060",
      "lat": 42.7654,
      "lng": -71.4676,
      "recurrence": "Every Saturday",
      "source_url": "https://carsandcoffeedirectory.com/"
    },
    {
      "name": "Portsmouth Cars & Coffee Newington",
      "city": "Newington",
      "state": "NH",
      "venue_name": "Newington",
      "address": "Newington, NH",
      "zip": "03801",
      "lat": 43.0970,
      "lng": -70.8323,
      "recurrence": "Every Saturday",
      "source_url": "https://carsandcoffeedirectory.com/"
    },
    {
      "name": "Salem NH Cars & Coffee",
      "city": "Salem",
      "state": "NH",
      "venue_name": "Salem",
      "address": "Salem, NH",
      "zip": "03079",
      "lat": 42.7886,
      "lng": -71.2009,
      "recurrence": "Every Sunday",
      "source_url": "https://carsandcoffeedirectory.com/"
    },
    {
      "name": "Cars Robots and Coffee Merrimack NH",
      "city": "Merrimack",
      "state": "NH",
      "venue_name": "Merrimack",
      "address": "Merrimack, NH",
      "zip": "03054",
      "lat": 42.8651,
      "lng": -71.4934,
      "recurrence": "Every Sunday",
      "source_url": "https://carsandcoffeedirectory.com/"
    },
    {
      "name": "Wheeling Cars and Coffee",
      "city": "Wheeling",
      "state": "WV",
      "venue_name": "Cafe 1925 Wheeling Park",
      "address": "Wheeling Park",
      "zip": "26003",
      "lat": 40.0640,
      "lng": -80.7209,
      "recurrence": "1st Sunday monthly",
      "source_url": "https://wheelingcarsandcoffee.com/"
    },
    {
      "name": "Charleston Cars & Coffee Moses BMW",
      "city": "St. Albans",
      "state": "WV",
      "venue_name": "Moses BMW",
      "address": "2001 MacCorkle Ave SW",
      "zip": "25177",
      "lat": 38.3865,
      "lng": -81.8176,
      "recurrence": "2nd Saturday monthly",
      "source_url": "https://www.bmwcca.org/"
    },
    {
      "name": "Barboursville Cars & Coffee Huntington",
      "city": "Barboursville",
      "state": "WV",
      "venue_name": "5170 US-60 E",
      "address": "5170 US-60 E",
      "zip": "25504",
      "lat": 38.4087,
      "lng": -82.2946,
      "recurrence": "3rd Saturday monthly",
      "source_url": "https://allevents.in/"
    },
    {
      "name": "Parkersburg Cars & Coffee Vienna WV",
      "city": "Vienna",
      "state": "WV",
      "venue_name": "Vienna",
      "address": "Vienna, WV",
      "zip": "26105",
      "lat": 39.3270,
      "lng": -81.5485,
      "recurrence": "Every Saturday",
      "source_url": "https://carsandcoffeedirectory.com/"
    },
    {
      "name": "Wheeling Cars & Coffee Triadelphia",
      "city": "Triadelphia",
      "state": "WV",
      "venue_name": "Triadelphia",
      "address": "Triadelphia, WV",
      "zip": "26059",
      "lat": 40.0573,
      "lng": -80.6198,
      "recurrence": "Every Saturday",
      "source_url": "https://carsandcoffeedirectory.com/"
    },
    {
      "name": "Cars & Coffee South Mississippi Biloxi",
      "city": "Biloxi",
      "state": "MS",
      "venue_name": "Treasure Bay Casino",
      "address": "1980 Beach Blvd",
      "zip": "39531",
      "lat": 30.3944,
      "lng": -88.8481,
      "recurrence": "3rd Saturday monthly",
      "source_url": "https://allevents.in/"
    },
    {
      "name": "Gulfport Cars & Coffee",
      "city": "Gulfport",
      "state": "MS",
      "venue_name": "Gulfport",
      "address": "Gulfport, MS",
      "zip": "39501",
      "lat": 30.3674,
      "lng": -89.0928,
      "recurrence": "Every Saturday",
      "source_url": "https://carsandcoffeedirectory.com/"
    },
    {
      "name": "Hattiesburg Cars & Coffee",
      "city": "Hattiesburg",
      "state": "MS",
      "venue_name": "Hattiesburg",
      "address": "Hattiesburg, MS",
      "zip": "39401",
      "lat": 31.3271,
      "lng": -89.2903,
      "recurrence": "Every Saturday",
      "source_url": "https://carsandcoffeedirectory.com/"
    },
    {
      "name": "Tupelo Cars & Coffee",
      "city": "Tupelo",
      "state": "MS",
      "venue_name": "Tupelo",
      "address": "Tupelo, MS",
      "zip": "38801",
      "lat": 34.2576,
      "lng": -88.7034,
      "recurrence": "Every Saturday",
      "source_url": "https://carsandcoffeedirectory.com/"
    }
  ]
}
