{
  "batch": "Virginia and North Carolina Missing Cities",
  "venues": [
    {
      "name": "Roanoke Valley Cars & Coffee",
      "city": "Roanoke",
      "state": "VA",
      "venue_name": "Virginia Western Community College",
      "address": "3094 Colonial Ave",
      "zip": "24018",
      "lat": 37.2518,
      "lng": -79.9817,
      "recurrence": "2nd Saturday monthly",
      "source_url": "https://www.rideology.io/"
    },
    {
      "name": "BRR-PCA Cars N Coffee Roanoke",
      "city": "Roanoke",
      "state": "VA",
      "venue_name": "The Green Goat",
      "address": "802 Wiley Dr SW",
      "zip": "24015",
      "lat": 37.2650,
      "lng": -79.9647,
      "recurrence": "Last Sunday monthly",
      "source_url": "https://www.motorsportreg.com/"
    },
    {
      "name": "Cars & Coffee Lynchburg",
      "city": "Lynchburg",
      "state": "VA",
      "venue_name": "Tree of Life Ministries",
      "address": "1031 Greenview Dr",
      "zip": "24502",
      "lat": 37.3690,
      "lng": -79.1706,
      "recurrence": "3rd Saturday monthly",
      "source_url": "https://allevents.in/"
    },
    {
      "name": "Blacksburg Cars and Coffee",
      "city": "Blacksburg",
      "state": "VA",
      "venue_name": "Blacksburg",
      "address": "Blacksburg, VA",
      "zip": "24060",
      "lat": 37.2296,
      "lng": -80.4139,
      "recurrence": "1st Saturday monthly",
      "source_url": "https://carsandcoffeedirectory.com/"
    },
    {
      "name": "Radford Cars and Coffee",
      "city": "Radford",
      "state": "VA",
      "venue_name": "Radford",
      "address": "Radford, VA",
      "zip": "24141",
      "lat": 37.1318,
      "lng": -80.5764,
      "recurrence": "2nd Saturday monthly",
      "source_url": "https://carsandcoffeedirectory.com/"
    },
    {
      "name": "Cars & Coffee Charlottesville",
      "city": "Charlottesville",
      "state": "VA",
      "venue_name": "Barracks Road Shopping Center",
      "address": "1049 Emmet St N",
      "zip": "22903",
      "lat": 38.0513,
      "lng": -78.5070,
      "recurrence": "1st and 3rd Saturday monthly",
      "source_url": "https://svbcc.net/"
    },
    {
      "name": "Fayetteville Cars and Coffee",
      "city": "Hope Mills",
      "state": "NC",
      "venue_name": "Millstone Towne Centre",
      "address": "Millstone Towne Centre",
      "zip": "28348",
      "lat": 34.9739,
      "lng": -78.9553,
      "recurrence": "2nd Saturday monthly",
      "source_url": "https://happeningnext.com/"
    },
    {
      "name": "Wilmington Cars & Coffee",
      "city": "Wilmington",
      "state": "NC",
      "venue_name": "The Pointe at Barclay",
      "address": "3401 Independence Blvd",
      "zip": "28412",
      "lat": 34.2257,
      "lng": -77.8678,
      "recurrence": "1st Saturday monthly",
      "source_url": "https://www.bmccf.org/"
    },
    {
      "name": "Quattros & Coffee Audi Cape Fear",
      "city": "Wilmington",
      "state": "NC",
      "venue_name": "Audi Cape Fear",
      "address": "Audi Cape Fear",
      "zip": "28403",
      "lat": 34.2104,
      "lng": -77.8868,
      "recurrence": "2nd Saturday monthly",
      "source_url": "https://www.audicapefear.com/"
    }
  ]
}
