{
  "batch": "Fix Critical Gaps - KS, NJ",
  "venues": [
    {
      "name": "Cars & Coffee at The Underground KC",
      "city": "Kansas City",
      "state": "KS",
      "venue_name": "The Underground",
      "address": "600 West 31st Street",
      "zip": "64108",
      "lat": 39.0828,
      "lng": -94.5955,
      "recurrence": "1st Saturday monthly",
      "source_url": "https://kansascityautomuseum.com/"
    },
    {
      "name": "Cars & Coffee KC Automotive Museum Olathe",
      "city": "Olathe",
      "state": "KS",
      "venue_name": "Kansas City Automotive Museum",
      "address": "15095 W 116th St",
      "zip": "66062",
      "lat": 38.8814,
      "lng": -94.8191,
      "recurrence": "3rd Saturday monthly",
      "source_url": "https://kansascityautomuseum.com/"
    },
    {
      "name": "Cars & Coffee Kansas Speedway",
      "city": "Kansas City",
      "state": "KS",
      "venue_name": "Kansas Speedway",
      "address": "400 Speedway Blvd",
      "zip": "66111",
      "lat": 39.1158,
      "lng": -94.8311,
      "recurrence": "1st Saturday monthly",
      "source_url": "https://kansascityautomuseum.com/"
    },
    {
      "name": "Audi Club Kansas City Cars & Coffee Overland Park",
      "city": "Overland Park",
      "state": "KS",
      "venue_name": "Life.Church Overland Park",
      "address": "9800 West 135th Street",
      "zip": "66221",
      "lat": 38.8822,
      "lng": -94.7058,
      "recurrence": "Last Saturday monthly",
      "source_url": "https://audiclubna.org/"
    },
    {
      "name": "Topeka Cars and Coffee Classic Bean",
      "city": "Topeka",
      "state": "KS",
      "venue_name": "Classic Bean",
      "address": "Classic Bean",
      "zip": "66604",
      "lat": 39.0473,
      "lng": -95.6752,
      "recurrence": "Every Saturday",
      "source_url": "https://metrovoicenews.com/"
    },
    {
      "name": "Lawrence Cars & Coffee",
      "city": "Lawrence",
      "state": "KS",
      "venue_name": "Lawrence",
      "address": "Lawrence, KS",
      "zip": "66044",
      "lat": 38.9717,
      "lng": -95.2353,
      "recurrence": "Every Saturday",
      "source_url": "https://carsandcoffeedirectory.com/"
    },
    {
      "name": "Cars Coffee Contemporary Flea Jersey City",
      "city": "Jersey City",
      "state": "NJ",
      "venue_name": "Contemporary Flea",
      "address": "210 Hudson Street",
      "zip": "07302",
      "lat": 40.7178,
      "lng": -74.0431,
      "recurrence": "1st Sunday monthly",
      "source_url": "https://www.secaucusnj.net/"
    },
    {
      "name": "Jersey City Cars n Coffee",
      "city": "Jersey City",
      "state": "NJ",
      "venue_name": "Jersey City",
      "address": "Jersey City, NJ",
      "zip": "07302",
      "lat": 40.7178,
      "lng": -74.0431,
      "recurrence": "2nd Sunday monthly",
      "source_url": "https://allevents.in/"
    },
    {
      "name": "Hoboken Hudson River Showcase",
      "city": "Hoboken",
      "state": "NJ",
      "venue_name": "Hoboken Waterfront",
      "address": "Hoboken Waterfront",
      "zip": "07030",
      "lat": 40.7440,
      "lng": -74.0324,
      "recurrence": "2nd Sunday monthly",
      "source_url": "https://www.jerseyshorecarshows.com/"
    },
    {
      "name": "Newark Cars & Coffee",
      "city": "Newark",
      "state": "NJ",
      "venue_name": "Newark",
      "address": "Newark, NJ",
      "zip": "07102",
      "lat": 40.7357,
      "lng": -74.1724,
      "recurrence": "Every Saturday",
      "source_url": "https://carsandcoffeedirectory.com/"
    },
    {
      "name": "Cars & Coffee NJ Trenton",
      "city": "Trenton",
      "state": "NJ",
      "venue_name": "Trenton",
      "address": "Trenton, NJ",
      "zip": "08608",
      "lat": 40.2171,
      "lng": -74.7429,
      "recurrence": "Every Saturday",
      "source_url": "https://www.carsandcoffeenj.com/"
    }
  ]
}
