{
  "batch": "Final Expansion - Twin Cities, Nashville, San Antonio",
  "venues": [
    {
      "name": "InterMarque Sunday Morning St Paul",
      "city": "St. Paul",
      "state": "MN",
      "venue_name": "Associated Dental lot",
      "address": "1371 7th St W",
      "zip": "55102",
      "lat": 44.9419,
      "lng": -93.1174,
      "recurrence": "1st Sunday monthly",
      "source_url": "https://intermarque.org/"
    },
    {
      "name": "Cars and Caves Chanhassen",
      "city": "Chanhassen",
      "state": "MN",
      "venue_name": "Chanhassen AutoPlex",
      "address": "Chanhassen AutoPlex",
      "zip": "55317",
      "lat": 44.8622,
      "lng": -93.5308,
      "recurrence": "Last Saturday monthly",
      "source_url": "https://www.carsagainstcrime.org/"
    },
    {
      "name": "Cars & Coffee Franklin",
      "city": "Franklin",
      "state": "TN",
      "venue_name": "Christ Community Church",
      "address": "1215 Hillsboro Rd",
      "zip": "37069",
      "lat": 35.9312,
      "lng": -86.8523,
      "recurrence": "Every Saturday",
      "source_url": "https://carsandcoffeeevents.com/"
    },
    {
      "name": "Cooper's Garage Cars & Coffee",
      "city": "Franklin",
      "state": "TN",
      "venue_name": "Cooper's Garage",
      "address": "4408 Franklin South Court",
      "zip": "37064",
      "lat": 35.9126,
      "lng": -86.8529,
      "recurrence": "Last Saturday monthly",
      "source_url": "https://www.coopersgaragetn.com/"
    },
    {
      "name": "Cedar Glade Brews Cruise-In",
      "city": "Murfreesboro",
      "state": "TN",
      "venue_name": "Cedar Glade Brews",
      "address": "906 Ridgely Rd",
      "zip": "37129",
      "lat": 35.8732,
      "lng": -86.4101,
      "recurrence": "3rd Sunday monthly",
      "source_url": "https://www.memorylanecruisers.net/"
    },
    {
      "name": "Club Cars & Coffee Brentwood",
      "city": "Brentwood",
      "state": "TN",
      "venue_name": "Chick-Fil-A Franklin Rd",
      "address": "330 Franklin Rd",
      "zip": "37027",
      "lat": 36.0149,
      "lng": -86.7825,
      "recurrence": "2nd Saturday monthly",
      "source_url": "https://msk.pca.org/"
    },
    {
      "name": "Nashville Cars and Coffee",
      "city": "Lebanon",
      "state": "TN",
      "venue_name": "Nashville Superspeedway",
      "address": "4847-F McCrary Road",
      "zip": "37090",
      "lat": 36.0543,
      "lng": -86.3887,
      "recurrence": "1st Saturday monthly",
      "source_url": "https://nashvillecarsncoffee.com/"
    },
    {
      "name": "Cars and Caffeine New Braunfels",
      "city": "New Braunfels",
      "state": "TX",
      "venue_name": "Kora Kora Coffee",
      "address": "2348 Gruene Lake Dr. Suite B",
      "zip": "78130",
      "lat": 29.7330,
      "lng": -98.1069,
      "recurrence": "2nd Saturday monthly",
      "source_url": "https://carcruisefinder.com/"
    },
    {
      "name": "Cars & Coffee Austin Domain",
      "city": "Austin",
      "state": "TX",
      "venue_name": "The Domain",
      "address": "11600 Century Oaks Terrace",
      "zip": "78758",
      "lat": 30.4021,
      "lng": -97.7254,
      "recurrence": "1st Saturday monthly",
      "source_url": "https://www.thedomainaustin.com/"
    },
    {
      "name": "Cars & Coffee Frisco Toyota Stadium",
      "city": "Frisco",
      "state": "TX",
      "venue_name": "Toyota Stadium",
      "address": "9200 World Cup Way",
      "zip": "75033",
      "lat": 33.1543,
      "lng": -96.8352,
      "recurrence": "1st Saturday monthly",
      "source_url": "https://www.fcdallas.com/"
    }
  ]
}







