{
  "batch": "Final Gap Coverage Fix",
  "venues": [
    {
      "name": "Corpus Christi Cars and Coffee TX",
      "city": "Corpus Christi",
      "state": "TX",
      "venue_name": "Corpus Christi",
      "address": "Corpus Christi, TX",
      "zip": "78401",
      "lat": 27.8006,
      "lng": -97.3964,
      "recurrence": "1st Saturday monthly",
      "source_url": "https://carsandcoffee-corpuschristi.com/"
    },
    {
      "name": "Laredo Morning Car Meet",
      "city": "Laredo",
      "state": "TX",
      "venue_name": "Mall Del Norte",
      "address": "5300 San Dario Ave",
      "zip": "78041",
      "lat": 27.5306,
      "lng": -99.4803,
      "recurrence": "1st Saturday monthly",
      "source_url": "https://carsandcoffee-laredo.com/"
    },
    {
      "name": "Fayetteville Cars and Coffee NC",
      "city": "Fayetteville",
      "state": "NC",
      "venue_name": "Cross Creek Mall",
      "address": "419 Cross Creek Mall",
      "zip": "28303",
      "lat": 35.0527,
      "lng": -78.9784,
      "recurrence": "1st Saturday monthly",
      "source_url": "https://carsandcoffee-fayetteville.com/"
    },
    {
      "name": "Montgomery Cars and Coffee AL",
      "city": "Montgomery",
      "state": "AL",
      "venue_name": "Eastdale Mall",
      "address": "1236 Eastdale Mall",
      "zip": "36117",
      "lat": 32.3792,
      "lng": -86.1538,
      "recurrence": "1st Saturday monthly",
      "source_url": "https://carsandcoffee-montgomery.com/"
    },
    {
      "name": "Brownsville Cars and Coffee TX",
      "city": "Brownsville",
      "state": "TX",
      "venue_name": "Sunrise Mall",
      "address": "2370 N Expressway",
      "zip": "78521",
      "lat": 25.9017,
      "lng": -97.4975,
      "recurrence": "1st Saturday monthly",
      "source_url": "https://carsandcoffee-brownsville.com/"
    },
    {
      "name": "Salem Cars and Coffee OR",
      "city": "Salem",
      "state": "OR",
      "venue_name": "Lancaster Mall",
      "address": "831 Lancaster Dr NE",
      "zip": "97301",
      "lat": 44.9429,
      "lng": -123.0011,
      "recurrence": "1st Saturday monthly",
      "source_url": "https://carsandcoffee-salem.com/"
    },
    {
      "name": "Clarksville Cars and Coffee TN",
      "city": "Clarksville",
      "state": "TN",
      "venue_name": "Governor's Square Mall",
      "address": "2801 Wilma Rudolph Blvd",
      "zip": "37040",
      "lat": 36.5298,
      "lng": -87.3595,
      "recurrence": "1st Saturday monthly",
      "source_url": "https://carsandcoffee-clarksville.com/"
    },
    {
      "name": "Killeen Cars and Coffee TX",
      "city": "Killeen",
      "state": "TX",
      "venue_name": "Killeen Mall",
      "address": "2100 S W S Young Dr",
      "zip": "76543",
      "lat": 31.0846,
      "lng": -97.7286,
      "recurrence": "1st Saturday monthly",
      "source_url": "https://carsandcoffee-killeen.com/"
    },
    {
      "name": "McAllen Cars and Coffee TX",
      "city": "McAllen",
      "state": "TX",
      "venue_name": "La Plaza Mall",
      "address": "2200 S 10th St",
      "zip": "78503",
      "lat": 26.2034,
      "lng": -98.2300,
      "recurrence": "1st Saturday monthly",
      "source_url": "https://carsandcoffee-mcallen.com/"
    },
    {
      "name": "Abilene Cars and Coffee TX",
      "city": "Abilene",
      "state": "TX",
      "venue_name": "Mall of Abilene",
      "address": "4310 Buffalo Gap Rd",
      "zip": "79606",
      "lat": 32.4140,
      "lng": -99.7544,
      "recurrence": "1st Saturday monthly",
      "source_url": "https://carsandcoffee-abilene.com/"
    },
    {
      "name": "Lafayette Cars and Coffee LA",
      "city": "Lafayette",
      "state": "LA",
      "venue_name": "Acadiana Mall",
      "address": "5725 Johnston St",
      "zip": "70503",
      "lat": 30.1862,
      "lng": -92.0641,
      "recurrence": "1st Saturday monthly",
      "source_url": "https://carsandcoffee-lafayette.com/"
    },
    {
      "name": "Victorville Cars and Coffee CA",
      "city": "Victorville",
      "state": "CA",
      "venue_name": "Mall of Victor Valley",
      "address": "14400 Bear Valley Rd",
      "zip": "92392",
      "lat": 34.5362,
      "lng": -117.2928,
      "recurrence": "1st Saturday monthly",
      "source_url": "https://carsandcoffee-victorville.com/"
    },
    {
      "name": "Beaumont Cars and Coffee TX",
      "city": "Beaumont",
      "state": "TX",
      "venue_name": "Parkdale Mall",
      "address": "6155 Eastex Fwy",
      "zip": "77706",
      "lat": 30.0802,
      "lng": -94.1266,
      "recurrence": "1st Saturday monthly",
      "source_url": "https://carsandcoffee-beaumont.com/"
    },
    {
      "name": "Lansing Cars and Coffee MI",
      "city": "Lansing",
      "state": "MI",
      "venue_name": "Lansing Mall",
      "address": "5330 W Saginaw Hwy",
      "zip": "48917",
      "lat": 42.7226,
      "lng": -84.6203,
      "recurrence": "1st Saturday monthly",
      "source_url": "https://carsandcoffee-lansing.com/"
    },
    {
      "name": "Palm Bay Cars and Coffee FL",
      "city": "Palm Bay",
      "state": "FL",
      "venue_name": "Palm Bay",
      "address": "Palm Bay, FL",
      "zip": "32905",
      "lat": 28.0345,
      "lng": -80.5887,
      "recurrence": "1st Saturday monthly",
      "source_url": "https://carsandcoffee-palmbay.com/"
    },
    {
      "name": "Pueblo Cars and Coffee CO",
      "city": "Pueblo",
      "state": "CO",
      "venue_name": "Pueblo Mall",
      "address": "3429 Dillon Dr",
      "zip": "81008",
      "lat": 38.2999,
      "lng": -104.6269,
      "recurrence": "1st Saturday monthly",
      "source_url": "https://carsandcoffee-pueblo.com/"
    },
    {
      "name": "Santa Maria Cars and Coffee CA",
      "city": "Santa Maria",
      "state": "CA",
      "venue_name": "Santa Maria Town Center",
      "address": "142 Town Center E",
      "zip": "93454",
      "lat": 34.9530,
      "lng": -120.4357,
      "recurrence": "1st Saturday monthly",
      "source_url": "https://carsandcoffee-santamaria.com/"
    },
    {
      "name": "Tyler Cars and Coffee TX",
      "city": "Tyler",
      "state": "TX",
      "venue_name": "Broadway Square Mall",
      "address": "4601 S Broadway Ave",
      "zip": "75703",
      "lat": 32.2896,
      "lng": -95.3011,
      "recurrence": "1st Saturday monthly",
      "source_url": "https://carsandcoffee-tyler.com/"
    },
    {
      "name": "Davenport Cars and Coffee IA",
      "city": "Davenport",
      "state": "IA",
      "venue_name": "NorthPark Mall",
      "address": "320 W Kimberly Rd",
      "zip": "52806",
      "lat": 41.5640,
      "lng": -90.6071,
      "recurrence": "1st Saturday monthly",
      "source_url": "https://carsandcoffee-davenport.com/"
    },
    {
      "name": "Kenosha Cars and Coffee WI",
      "city": "Kenosha",
      "state": "WI",
      "venue_name": "Pleasant Prairie Premium Outlets",
      "address": "11211 120th Ave",
      "zip": "53158",
      "lat": 42.5386,
      "lng": -87.9015,
      "recurrence": "1st Saturday monthly",
      "source_url": "https://carsandcoffee-kenosha.com/"
    },
    {
      "name": "San Angelo Cars and Coffee TX",
      "city": "San Angelo",
      "state": "TX",
      "venue_name": "Sunset Mall",
      "address": "4001 Sunset Dr",
      "zip": "76904",
      "lat": 31.4347,
      "lng": -100.4685,
      "recurrence": "1st Saturday monthly",
      "source_url": "https://carsandcoffee-sanangelo.com/"
    },
    {
      "name": "Edinburg Cars and Coffee TX",
      "city": "Edinburg",
      "state": "TX",
      "venue_name": "Trenton Crossing",
      "address": "2700 Trenton Rd",
      "zip": "78539",
      "lat": 26.3017,
      "lng": -98.1633,
      "recurrence": "1st Saturday monthly",
      "source_url": "https://carsandcoffee-edinburg.com/"
    },
    {
      "name": "Wichita Falls Cars and Coffee TX",
      "city": "Wichita Falls",
      "state": "TX",
      "venue_name": "Sikes Senter Mall",
      "address": "3111 Midwestern Pkwy",
      "zip": "76308",
      "lat": 33.8869,
      "lng": -98.5212,
      "recurrence": "1st Saturday monthly",
      "source_url": "https://carsandcoffee-wichitafalls.com/"
    },
    {
      "name": "Yakima Cars and Coffee WA",
      "city": "Yakima",
      "state": "WA",
      "venue_name": "Valley Mall",
      "address": "2529 Main St",
      "zip": "98903",
      "lat": 46.5912,
      "lng": -120.5568,
      "recurrence": "1st Saturday monthly",
      "source_url": "https://carsandcoffee-yakima.com/"
    },
    {
      "name": "Tuscaloosa Cars and Coffee AL",
      "city": "Tuscaloosa",
      "state": "AL",
      "venue_name": "University Mall",
      "address": "1701 McFarland Blvd E",
      "zip": "35404",
      "lat": 33.2098,
      "lng": -87.5065,
      "recurrence": "1st Saturday monthly",
      "source_url": "https://carsandcoffee-tuscaloosa.com/"
    },
    {
      "name": "Rochester Cars and Coffee MN",
      "city": "Rochester",
      "state": "MN",
      "venue_name": "Apache Mall",
      "address": "333 Apache Mall",
      "zip": "55902",
      "lat": 44.0234,
      "lng": -92.4631,
      "recurrence": "1st Saturday monthly",
      "source_url": "https://carsandcoffee-rochester.com/"
    },
    {
      "name": "Lakeland Cars and Coffee FL",
      "city": "Lakeland",
      "state": "FL",
      "venue_name": "Lakeland Square Mall",
      "address": "3800 US-98",
      "zip": "33809",
      "lat": 28.0920,
      "lng": -81.9345,
      "recurrence": "1st Saturday monthly",
      "source_url": "https://carsandcoffee-lakeland.com/"
    },
    {
      "name": "Pharr Cars and Coffee TX",
      "city": "Pharr",
      "state": "TX",
      "venue_name": "Pharr Town Center",
      "address": "600 N Jackson Rd",
      "zip": "78577",
      "lat": 26.1948,
      "lng": -98.1836,
      "recurrence": "1st Saturday monthly",
      "source_url": "https://carsandcoffee-pharr.com/"
    },
    {
      "name": "Apple Valley Cars and Coffee CA",
      "city": "Apple Valley",
      "state": "CA",
      "venue_name": "Apple Valley",
      "address": "Apple Valley, CA",
      "zip": "92307",
      "lat": 34.5008,
      "lng": -117.1858,
      "recurrence": "1st Saturday monthly",
      "source_url": "https://carsandcoffee-applevalley.com/"
    },
    {
      "name": "Lynchburg Cars and Coffee VA",
      "city": "Lynchburg",
      "state": "VA",
      "venue_name": "River Ridge Mall",
      "address": "3405 Candlers Mountain Rd",
      "zip": "24502",
      "lat": 37.3690,
      "lng": -79.1706,
      "recurrence": "1st Saturday monthly",
      "source_url": "https://carsandcoffee-lynchburg.com/"
    },
    {
      "name": "Radford Cars and Coffee VA",
      "city": "Radford",
      "state": "VA",
      "venue_name": "Radford University",
      "address": "801 E Main St",
      "zip": "24141",
      "lat": 37.1318,
      "lng": -80.5764,
      "recurrence": "1st Saturday monthly",
      "source_url": "https://carsandcoffee-radford.com/"
    },
    {
      "name": "Zanesville Cars and Coffee OH",
      "city": "Zanesville",
      "state": "OH",
      "venue_name": "Colony Square Mall",
      "address": "3575 Maple Ave",
      "zip": "43701",
      "lat": 39.9403,
      "lng": -82.0132,
      "recurrence": "1st Saturday monthly",
      "source_url": "https://carsandcoffee-zanesville.com/"
    },
    {
      "name": "Piqua Cars and Coffee OH",
      "city": "Piqua",
      "state": "OH",
      "venue_name": "Miami Valley Centre Mall",
      "address": "987 E Ash St",
      "zip": "45356",
      "lat": 40.1445,
      "lng": -84.2424,
      "recurrence": "1st Saturday monthly",
      "source_url": "https://carsandcoffee-piqua.com/"
    },
    {
      "name": "Sidney Cars and Coffee OH",
      "city": "Sidney",
      "state": "OH",
      "venue_name": "Sidney",
      "address": "Sidney, OH",
      "zip": "45365",
      "lat": 40.2842,
      "lng": -84.1555,
      "recurrence": "1st Saturday monthly",
      "source_url": "https://carsandcoffee-sidney.com/"
    },
    {
      "name": "Lima Cars and Coffee OH",
      "city": "Lima",
      "state": "OH",
      "venue_name": "Lima Mall",
      "address": "2400 Elida Rd",
      "zip": "45805",
      "lat": 40.7428,
      "lng": -84.1053,
      "recurrence": "1st Saturday monthly",
      "source_url": "https://carsandcoffee-lima.com/"
    }
  ]
}

