{
  "batch": "Nevada, New Mexico, Nebraska, Minnesota",
  "venues": [
    {
      "name": "Celebrity Cars & Coffee Henderson",
      "city": "Henderson",
      "state": "NV",
      "venue_name": "Sansone Park Place",
      "address": "Sansone Park Place",
      "zip": "89052",
      "lat": 36.0397,
      "lng": -115.0590,
      "recurrence": "Every Saturday",
      "source_url": "https://www.carevents.com/"
    },
    {
      "name": "Reno Cars and Coffee",
      "city": "Reno",
      "state": "NV",
      "venue_name": "The Human Bean",
      "address": "3380 Kietzke Ln",
      "zip": "89502",
      "lat": 39.4909,
      "lng": -119.7772,
      "recurrence": "3rd Sunday monthly",
      "source_url": "https://carsandcoffeeevents.com/"
    },
    {
      "name": "Cars and Coffee Albuquerque",
      "city": "Albuquerque",
      "state": "NM",
      "venue_name": "Satellite Coffee",
      "address": "7600 Jefferson St NE",
      "zip": "87109",
      "lat": 35.1352,
      "lng": -106.5584,
      "recurrence": "Every Saturday",
      "source_url": "https://carsandcoffeeevents.com/"
    },
    {
      "name": "Owl Cafe Cars & Coffee Albuquerque",
      "city": "Albuquerque",
      "state": "NM",
      "venue_name": "The Owl Cafe",
      "address": "800 Eubank Blvd NE",
      "zip": "87123",
      "lat": 35.0822,
      "lng": -106.5257,
      "recurrence": "1st Saturday monthly",
      "source_url": "https://carcruisefinder.com/"
    },
    {
      "name": "Cars and Coffee Santa Fe",
      "city": "Santa Fe",
      "state": "NM",
      "venue_name": "Kakawa Chocolate House",
      "address": "1050 Paseo De Peralta",
      "zip": "87501",
      "lat": 35.6870,
      "lng": -105.9378,
      "recurrence": "1st Saturday monthly",
      "source_url": "https://www.carsandcoffeesantafe.com/"
    },
    {
      "name": "Cars & Coffee Lincoln Museum of American Speed",
      "city": "Lincoln",
      "state": "NE",
      "venue_name": "Museum of American Speed",
      "address": "340 Victory Lane",
      "zip": "68528",
      "lat": 40.8258,
      "lng": -96.7619,
      "recurrence": "Last Saturday monthly",
      "source_url": "https://www.museumofamericanspeed.org/"
    },
    {
      "name": "Cars & Coffee Omaha",
      "city": "La Vista",
      "state": "NE",
      "venue_name": "Papillion La Vista South High School",
      "address": "Papillion La Vista South High School",
      "zip": "68128",
      "lat": 41.1711,
      "lng": -96.0311,
      "recurrence": "3rd Saturday monthly",
      "source_url": "https://www.drivehh.com/"
    },
    {
      "name": "MN Cars & Coffee Minneapolis",
      "city": "Minneapolis",
      "state": "MN",
      "venue_name": "Minneapolis",
      "address": "Minneapolis, MN",
      "zip": "55401",
      "lat": 44.9778,
      "lng": -93.2650,
      "recurrence": "1st Saturday monthly",
      "source_url": "https://www.mncandc.com/"
    },
    {
      "name": "InterMarque Sunday Morning St Paul",
      "city": "St Paul",
      "state": "MN",
      "venue_name": "1371 7th St W",
      "address": "1371 7th St W",
      "zip": "55102",
      "lat": 44.9392,
      "lng": -93.1168,
      "recurrence": "1st Sunday monthly",
      "source_url": "https://intermarque.org/"
    },
    {
      "name": "Rochester Cars & Coffee",
      "city": "Rochester",
      "state": "MN",
      "venue_name": "Rochester",
      "address": "Rochester, MN",
      "zip": "55901",
      "lat": 44.0121,
      "lng": -92.4802,
      "recurrence": "Every Saturday",
      "source_url": "https://carsandcoffeedirectory.com/"
    },
    {
      "name": "Duluth Cars & Coffee",
      "city": "Duluth",
      "state": "MN",
      "venue_name": "Duluth",
      "address": "Duluth, MN",
      "zip": "55802",
      "lat": 46.7867,
      "lng": -92.1005,
      "recurrence": "Every Saturday",
      "source_url": "https://carsandcoffeedirectory.com/"
    }
  ]
}

