{
  "batch": "Northern States - MT, WY, ND, SD",
  "venues": [
    {
      "name": "Cars and Coffee Billings Classic",
      "city": "Billings",
      "state": "MT",
      "venue_name": "1Ō5 Brewing",
      "address": "1Ō5 Brewing Billings Heights",
      "zip": "59101",
      "lat": 45.8039,
      "lng": -108.5007,
      "recurrence": "4th Saturday monthly",
      "source_url": "https://105brewingmt.com/"
    },
    {
      "name": "Missoula Cars and Coffee",
      "city": "Missoula",
      "state": "MT",
      "venue_name": "Caras Park",
      "address": "Caras Park",
      "zip": "59801",
      "lat": 46.8721,
      "lng": -114.0088,
      "recurrence": "Last Saturday monthly",
      "source_url": "https://missoulaunderground.com/"
    },
    {
      "name": "Great Falls Cars and Coffee",
      "city": "Great Falls",
      "state": "MT",
      "venue_name": "Broadwater Bay",
      "address": "Broadwater Bay parking lot",
      "zip": "59401",
      "lat": 47.5063,
      "lng": -111.2997,
      "recurrence": "1st Saturday monthly",
      "source_url": "https://945maxcountry.com/"
    },
    {
      "name": "Cheyenne Cars and Coffee",
      "city": "Cheyenne",
      "state": "WY",
      "venue_name": "Lions Park",
      "address": "Lions Park",
      "zip": "82001",
      "lat": 41.1400,
      "lng": -104.8202,
      "recurrence": "1st Sunday monthly",
      "source_url": "https://allevents.in/"
    },
    {
      "name": "Donuts & Hot Rods Cheyenne",
      "city": "Cheyenne",
      "state": "WY",
      "venue_name": "StitchHeadz Car Audio",
      "address": "StitchHeadz Car Audio",
      "zip": "82001",
      "lat": 41.1400,
      "lng": -104.8202,
      "recurrence": "Every Friday",
      "source_url": "https://ocac.cc/"
    },
    {
      "name": "Fargo Cars and Coffee",
      "city": "Fargo",
      "state": "ND",
      "venue_name": "North Fargo Garages",
      "address": "2611 12th Street North",
      "zip": "58102",
      "lat": 46.8972,
      "lng": -96.7898,
      "recurrence": "Every Sunday",
      "source_url": "https://www.fargocarsandcoffee.com/"
    },
    {
      "name": "Bismarck Cars and Coffee",
      "city": "Bismarck",
      "state": "ND",
      "venue_name": "Airport Road",
      "address": "1224 Airport Road",
      "zip": "58504",
      "lat": 46.8083,
      "lng": -100.7837,
      "recurrence": "Every Saturday",
      "source_url": "https://allevents.in/"
    },
    {
      "name": "Sioux Falls Cars and Coffee",
      "city": "Sioux Falls",
      "state": "SD",
      "venue_name": "Harrisburg",
      "address": "Harrisburg, SD",
      "zip": "57101",
      "lat": 43.5446,
      "lng": -96.7311,
      "recurrence": "2nd Saturday monthly",
      "source_url": "https://dakotaregionpca.com/"
    },
    {
      "name": "Rapid City Cars and Coffee",
      "city": "Rapid City",
      "state": "SD",
      "venue_name": "Central States Fairground",
      "address": "Central States Fairground",
      "zip": "57701",
      "lat": 44.0805,
      "lng": -103.2310,
      "recurrence": "3rd Saturday monthly",
      "source_url": "https://dakotaregionpca.com/"
    }
  ]
}







