{
  "batch": "Florida and Illinois Missing Cities",
  "venues": [
    {
      "name": "Cars & Coffee Porsche Tallahassee",
      "city": "Tallahassee",
      "state": "FL",
      "venue_name": "Porsche of Tallahassee",
      "address": "3701 W Tennessee St",
      "zip": "32304",
      "lat": 30.4383,
      "lng": -84.3107,
      "recurrence": "3rd Friday monthly",
      "source_url": "https://tallycarguys.com/"
    },
    {
      "name": "Southwood Coffee & Cars Tallahassee",
      "city": "Tallahassee",
      "state": "FL",
      "venue_name": "Behind El Jalisco",
      "address": "3197 Merchants Row Blvd",
      "zip": "32311",
      "lat": 30.4255,
      "lng": -84.2207,
      "recurrence": "2nd Saturday monthly",
      "source_url": "https://tallycarguys.com/"
    },
    {
      "name": "Cars and Coffee Glory Days Tallahassee",
      "city": "Tallahassee",
      "state": "FL",
      "venue_name": "Glory Days Grill",
      "address": "1926 Capital Circle Northeast",
      "zip": "32308",
      "lat": 30.4685,
      "lng": -84.2330,
      "recurrence": "1st Saturday monthly",
      "source_url": "https://tallycarguys.com/"
    },
    {
      "name": "Valencia Car Club Cars and Coffee Port St Lucie",
      "city": "Port St. Lucie",
      "state": "FL",
      "venue_name": "Dunkin Donuts Becker Road",
      "address": "662 SE Becker Road",
      "zip": "34984",
      "lat": 27.2730,
      "lng": -80.3282,
      "recurrence": "2nd Sunday monthly",
      "source_url": "https://treasurecoast.aaca.com/"
    },
    {
      "name": "FSC Lakeland Cars & Coffee",
      "city": "Lakeland",
      "state": "FL",
      "venue_name": "Fields BMW Lakeland",
      "address": "4285 Lakeland Park Dr",
      "zip": "33809",
      "lat": 28.1020,
      "lng": -81.9345,
      "recurrence": "2nd Saturday monthly",
      "source_url": "https://allevents.in/"
    },
    {
      "name": "Palm Bay Cars and Coffee",
      "city": "Palm Bay",
      "state": "FL",
      "venue_name": "Palm Bay",
      "address": "Palm Bay, FL",
      "zip": "32905",
      "lat": 28.0345,
      "lng": -80.5887,
      "recurrence": "1st Saturday monthly",
      "source_url": "https://carsandcoffeedirectory.com/"
    },
    {
      "name": "Central Illinois Cars and Coffee Peoria",
      "city": "East Peoria",
      "state": "IL",
      "venue_name": "Bass Pro Shops",
      "address": "Bass Pro Shops East Peoria",
      "zip": "61611",
      "lat": 40.6589,
      "lng": -89.5478,
      "recurrence": "1st Saturday monthly",
      "source_url": "https://peoria.org/"
    },
    {
      "name": "Decatur Cars and Coffee",
      "city": "Decatur",
      "state": "IL",
      "venue_name": "Coffee Connection",
      "address": "Coffee Connection Decatur",
      "zip": "62521",
      "lat": 39.8403,
      "lng": -88.9548,
      "recurrence": "3rd Saturday monthly",
      "source_url": "https://sites.google.com/"
    },
    {
      "name": "Springfield Cars and Coffee MotorHeads",
      "city": "Springfield",
      "state": "IL",
      "venue_name": "MotorHeads",
      "address": "MotorHeads Springfield",
      "zip": "62702",
      "lat": 39.8017,
      "lng": -89.6437,
      "recurrence": "2nd Saturday monthly",
      "source_url": "https://coolcruiserscarclub.com/"
    }
  ]
}








