{
  "batch": "Washington State & San Diego Area",
  "venues": [
    {
      "name": "Caffeine & Gasoline Griot's Garage Tacoma",
      "city": "Tacoma",
      "state": "WA",
      "venue_name": "Griot's Garage",
      "address": "3333 South 38th Street",
      "zip": "98409",
      "lat": 47.2227,
      "lng": -122.4619,
      "recurrence": "1st Saturday monthly",
      "source_url": "https://pugetsoundoldsclub.org/"
    },
    {
      "name": "Spokane Cars & Coffee",
      "city": "Spokane",
      "state": "WA",
      "venue_name": "Blissful Blends",
      "address": "12402 East Saltese Avenue",
      "zip": "99216",
      "lat": 47.6615,
      "lng": -117.2820,
      "recurrence": "Every Sunday",
      "source_url": "https://renndvous.com/"
    },
    {
      "name": "Porsche Bellevue Cars & Coffee",
      "city": "Bellevue",
      "state": "WA",
      "venue_name": "Porsche Bellevue",
      "address": "11910 NE 8th Street",
      "zip": "98005",
      "lat": 47.6176,
      "lng": -122.1867,
      "recurrence": "2nd Sunday monthly",
      "source_url": "https://www.porschebellevue.com/"
    },
    {
      "name": "Everett Cars & Coffee",
      "city": "Everett",
      "state": "WA",
      "venue_name": "South Point Plaza",
      "address": "10203 Evergreen Way",
      "zip": "98204",
      "lat": 47.9094,
      "lng": -122.2289,
      "recurrence": "Every Sunday",
      "source_url": "https://washingtoncarculture.com/"
    },
    {
      "name": "Escondido Cars & Coffee",
      "city": "Escondido",
      "state": "CA",
      "venue_name": "Kit Carson Park",
      "address": "3333 Bear Valley Parkway",
      "zip": "92025",
      "lat": 33.1343,
      "lng": -117.0861,
      "recurrence": "Every Sunday",
      "source_url": "https://www.idrivesocal.com/"
    },
    {
      "name": "Carlsbad Cars and Coffee",
      "city": "Carlsbad",
      "state": "CA",
      "venue_name": "7130 Avenida Encinas",
      "address": "7130 Avenida Encinas",
      "zip": "92011",
      "lat": 33.1206,
      "lng": -117.3108,
      "recurrence": "Every Saturday",
      "source_url": "https://zcsd.org/"
    },
    {
      "name": "South O Cruise Night Oceanside",
      "city": "Oceanside",
      "state": "CA",
      "venue_name": "South O Brewing",
      "address": "1575 South Pacific Coast Highway",
      "zip": "92054",
      "lat": 33.1959,
      "lng": -117.3795,
      "recurrence": "2nd Wednesday monthly",
      "source_url": "https://moparclubsandiego.net/"
    },
    {
      "name": "San Diego Automotive Museum Cars and Coffee",
      "city": "San Diego",
      "state": "CA",
      "venue_name": "San Diego Automotive Museum",
      "address": "2080 Pan American Plaza",
      "zip": "92101",
      "lat": 32.7224,
      "lng": -117.1516,
      "recurrence": "3rd Sunday monthly",
      "source_url": "https://zcsd.org/"
    },
    {
      "name": "Point Loma Cars and Coffee",
      "city": "San Diego",
      "state": "CA",
      "venue_name": "Shelter Island Drive",
      "address": "2230 Shelter Island Drive",
      "zip": "92106",
      "lat": 32.7179,
      "lng": -117.2250,
      "recurrence": "Every Saturday",
      "source_url": "https://zcsd.org/"
    }
  ]
}








