{
  "batch": "Wisconsin, Washington, Minnesota Missing Cities",
  "venues": [
    {
      "name": "Cars and Coffee MKE",
      "city": "Milwaukee",
      "state": "WI",
      "venue_name": "Schlossmann Honda City of Milwaukee",
      "address": "3450 S 108th St",
      "zip": "53227",
      "lat": 42.9920,
      "lng": -88.0560,
      "recurrence": "2nd Saturday monthly",
      "source_url": "https://allevents.in/"
    },
    {
      "name": "Caffeine and Chrome Classic Cars Milwaukee",
      "city": "Franksville",
      "state": "WI",
      "venue_name": "Gateway Classic Cars of Milwaukee",
      "address": "13301 4 Mile Rd",
      "zip": "53126",
      "lat": 42.7629,
      "lng": -87.9826,
      "recurrence": "Last Saturday monthly",
      "source_url": "https://events.com/"
    },
    {
      "name": "Cars & Coffee Racine",
      "city": "Racine",
      "state": "WI",
      "venue_name": "209 Dodge St",
      "address": "209 Dodge St",
      "zip": "53403",
      "lat": 42.7261,
      "lng": -87.7829,
      "recurrence": "Last Saturday monthly",
      "source_url": "https://allevents.in/"
    },
    {
      "name": "Kenosha Cars and Coffee",
      "city": "Kenosha",
      "state": "WI",
      "venue_name": "Kenosha",
      "address": "Kenosha, WI",
      "zip": "53140",
      "lat": 42.5847,
      "lng": -87.8212,
      "recurrence": "2nd Saturday monthly",
      "source_url": "https://carsandcoffeedirectory.com/"
    },
    {
      "name": "Cars Chrome & Coffee Yakima",
      "city": "Yakima",
      "state": "WA",
      "venue_name": "Yakima Coffee Company",
      "address": "3706 Tieton Drive",
      "zip": "98902",
      "lat": 46.5912,
      "lng": -120.5568,
      "recurrence": "Every Saturday",
      "source_url": "https://allevents.in/"
    },
    {
      "name": "Cars & Coffee Tri-Cities Kennewick",
      "city": "Kennewick",
      "state": "WA",
      "venue_name": "Toyota of Tri-Cities",
      "address": "6321 W Canal Dr",
      "zip": "99336",
      "lat": 46.2296,
      "lng": -119.2780,
      "recurrence": "2nd Saturday monthly",
      "source_url": "https://allevents.in/"
    },
    {
      "name": "Mountain View Cars and Coffee Spokane",
      "city": "Spokane",
      "state": "WA",
      "venue_name": "Mountain View Assembly of God",
      "address": "633 E. Magnesium Rd",
      "zip": "99208",
      "lat": 47.7490,
      "lng": -117.3899,
      "recurrence": "1st Saturday monthly",
      "source_url": "https://www.mountainviewag.net/"
    },
    {
      "name": "Spokane Cars & Coffee",
      "city": "Spokane Valley",
      "state": "WA",
      "venue_name": "12402 E Saltese Rd",
      "address": "12402 E Saltese Rd",
      "zip": "99206",
      "lat": 47.6517,
      "lng": -117.2239,
      "recurrence": "Every Sunday",
      "source_url": "https://www.carsandcoffeedirectory.com/"
    },
    {
      "name": "InterMarque Cars & Coffee St Paul",
      "city": "St. Paul",
      "state": "MN",
      "venue_name": "Associated Dental lot",
      "address": "1371 7th St W",
      "zip": "55102",
      "lat": 44.9411,
      "lng": -93.1239,
      "recurrence": "1st and 3rd Sunday monthly",
      "source_url": "https://intermarque.org/"
    },
    {
      "name": "Rochester Cars & Coffee Minnesota",
      "city": "Rochester",
      "state": "MN",
      "venue_name": "Rochester",
      "address": "Rochester, MN",
      "zip": "55901",
      "lat": 44.0234,
      "lng": -92.4631,
      "recurrence": "Every Saturday",
      "source_url": "https://www.carsandcoffeedirectory.com/"
    }
  ]
}







