{
  "description": "Top US Metropolitan Statistical Areas by population (2024 estimates)",
  "source": "US Census Bureau, curated for AutoRev",
  "metros": [
    {"rank": 1, "name": "New York-Newark-Jersey City", "city": "New York", "state": "NY", "population": 20092883, "lat": 40.7128, "lon": -74.006},
    {"rank": 2, "name": "Los Angeles-Long Beach-Anaheim", "city": "Los Angeles", "state": "CA", "population": 13262220, "lat": 34.0522, "lon": -118.2437},
    {"rank": 3, "name": "Chicago-Naperville-Elgin", "city": "Chicago", "state": "IL", "population": 9553810, "lat": 41.8781, "lon": -87.6298},
    {"rank": 4, "name": "Dallas-Fort Worth-Arlington", "city": "Dallas", "state": "TX", "population": 6954003, "lat": 32.7767, "lon": -96.797},
    {"rank": 5, "name": "Houston-The Woodlands-Sugar Land", "city": "Houston", "state": "TX", "population": 6490180, "lat": 29.7604, "lon": -95.3698},
    {"rank": 6, "name": "Philadelphia-Camden-Wilmington", "city": "Philadelphia", "state": "PA", "population": 6051170, "lat": 39.9526, "lon": -75.1652},
    {"rank": 7, "name": "Washington-Arlington-Alexandria", "city": "Washington", "state": "DC", "population": 6032744, "lat": 38.9072, "lon": -77.0369},
    {"rank": 8, "name": "Miami-Fort Lauderdale-West Palm Beach", "city": "Miami", "state": "FL", "population": 5929819, "lat": 25.7617, "lon": -80.1918},
    {"rank": 9, "name": "Atlanta-Sandy Springs-Roswell", "city": "Atlanta", "state": "GA", "population": 5611829, "lat": 33.749, "lon": -84.388},
    {"rank": 10, "name": "Boston-Cambridge-Newton", "city": "Boston", "state": "MA", "population": 4732161, "lat": 42.3601, "lon": -71.0589},
    {"rank": 11, "name": "Phoenix-Mesa-Scottsdale", "city": "Phoenix", "state": "AZ", "population": 4946145, "lat": 33.4484, "lon": -112.074},
    {"rank": 12, "name": "San Francisco-Oakland-Hayward", "city": "San Francisco", "state": "CA", "population": 4623264, "lat": 37.7749, "lon": -122.4194},
    {"rank": 13, "name": "Riverside-San Bernardino-Ontario", "city": "Riverside", "state": "CA", "population": 4528203, "lat": 33.9533, "lon": -117.3961},
    {"rank": 14, "name": "Detroit-Warren-Dearborn", "city": "Detroit", "state": "MI", "population": 4365205, "lat": 42.3314, "lon": -83.0458},
    {"rank": 15, "name": "Seattle-Tacoma-Bellevue", "city": "Seattle", "state": "WA", "population": 4018762, "lat": 47.6062, "lon": -122.3321},
    {"rank": 16, "name": "Minneapolis-St. Paul-Bloomington", "city": "Minneapolis", "state": "MN", "population": 3654908, "lat": 44.9778, "lon": -93.265},
    {"rank": 17, "name": "San Diego-Carlsbad", "city": "San Diego", "state": "CA", "population": 3286069, "lat": 32.7157, "lon": -117.1611},
    {"rank": 18, "name": "Tampa-St. Petersburg-Clearwater", "city": "Tampa", "state": "FL", "population": 3152928, "lat": 27.9506, "lon": -82.4572},
    {"rank": 19, "name": "Denver-Aurora-Lakewood", "city": "Denver", "state": "CO", "population": 2963821, "lat": 39.7392, "lon": -104.9903},
    {"rank": 20, "name": "St. Louis", "city": "St. Louis", "state": "MO", "population": 2820253, "lat": 38.627, "lon": -90.1994},
    {"rank": 21, "name": "Baltimore-Columbia-Towson", "city": "Baltimore", "state": "MD", "population": 2834316, "lat": 39.2904, "lon": -76.6122},
    {"rank": 22, "name": "Orlando-Kissimmee-Sanford", "city": "Orlando", "state": "FL", "population": 2673376, "lat": 28.5383, "lon": -81.3792},
    {"rank": 23, "name": "Charlotte-Concord-Gastonia", "city": "Charlotte", "state": "NC", "population": 2660329, "lat": 35.2271, "lon": -80.8431},
    {"rank": 24, "name": "San Antonio-New Braunfels", "city": "San Antonio", "state": "TX", "population": 2550960, "lat": 29.4241, "lon": -98.4936},
    {"rank": 25, "name": "Portland-Vancouver-Hillsboro", "city": "Portland", "state": "OR", "population": 2492412, "lat": 45.5152, "lon": -122.6784},
    {"rank": 26, "name": "Sacramento-Roseville-Arden-Arcade", "city": "Sacramento", "state": "CA", "population": 2363730, "lat": 38.5816, "lon": -121.4944},
    {"rank": 27, "name": "Pittsburgh", "city": "Pittsburgh", "state": "PA", "population": 2370930, "lat": 40.4406, "lon": -79.9959},
    {"rank": 28, "name": "Las Vegas-Henderson-Paradise", "city": "Las Vegas", "state": "NV", "population": 2265461, "lat": 36.1699, "lon": -115.1398},
    {"rank": 29, "name": "Austin-Round Rock", "city": "Austin", "state": "TX", "population": 2283371, "lat": 30.2672, "lon": -97.7431},
    {"rank": 30, "name": "Cincinnati", "city": "Cincinnati", "state": "OH", "population": 2234641, "lat": 39.1031, "lon": -84.512},
    {"rank": 31, "name": "Kansas City", "city": "Kansas City", "state": "MO", "population": 2157990, "lat": 39.0997, "lon": -94.5786},
    {"rank": 32, "name": "Columbus", "city": "Columbus", "state": "OH", "population": 2138926, "lat": 39.9612, "lon": -82.9988},
    {"rank": 33, "name": "Indianapolis-Carmel-Anderson", "city": "Indianapolis", "state": "IN", "population": 2092129, "lat": 39.7684, "lon": -86.1581},
    {"rank": 34, "name": "Cleveland-Elyria", "city": "Cleveland", "state": "OH", "population": 2088251, "lat": 41.4993, "lon": -81.6944},
    {"rank": 35, "name": "Nashville-Davidson-Murfreesboro-Franklin", "city": "Nashville", "state": "TN", "population": 1989519, "lat": 36.1627, "lon": -86.7816},
    {"rank": 36, "name": "San Jose-Sunnyvale-Santa Clara", "city": "San Jose", "state": "CA", "population": 1936259, "lat": 37.3382, "lon": -121.8863},
    {"rank": 37, "name": "Virginia Beach-Norfolk-Newport News", "city": "Virginia Beach", "state": "VA", "population": 1799674, "lat": 36.8529, "lon": -75.978},
    {"rank": 38, "name": "Providence-Warwick", "city": "Providence", "state": "RI", "population": 1676579, "lat": 41.824, "lon": -71.4128},
    {"rank": 39, "name": "Jacksonville", "city": "Jacksonville", "state": "FL", "population": 1605848, "lat": 30.3322, "lon": -81.6557},
    {"rank": 40, "name": "Milwaukee-Waukesha-West Allis", "city": "Milwaukee", "state": "WI", "population": 1575179, "lat": 43.0389, "lon": -87.9065},
    {"rank": 41, "name": "Oklahoma City", "city": "Oklahoma City", "state": "OK", "population": 1425695, "lat": 35.4676, "lon": -97.5164},
    {"rank": 42, "name": "Raleigh", "city": "Raleigh", "state": "NC", "population": 1413298, "lat": 35.7796, "lon": -78.6382},
    {"rank": 43, "name": "Memphis", "city": "Memphis", "state": "TN", "population": 1337779, "lat": 35.1495, "lon": -90.049},
    {"rank": 44, "name": "Richmond", "city": "Richmond", "state": "VA", "population": 1314434, "lat": 37.5407, "lon": -77.436},
    {"rank": 45, "name": "Louisville/Jefferson County", "city": "Louisville", "state": "KY", "population": 1285439, "lat": 38.2527, "lon": -85.7585},
    {"rank": 46, "name": "New Orleans-Metairie", "city": "New Orleans", "state": "LA", "population": 1271845, "lat": 29.9511, "lon": -90.0715},
    {"rank": 47, "name": "Salt Lake City", "city": "Salt Lake City", "state": "UT", "population": 1232696, "lat": 40.7608, "lon": -111.891},
    {"rank": 48, "name": "Hartford-West Hartford-East Hartford", "city": "Hartford", "state": "CT", "population": 1214295, "lat": 41.7658, "lon": -72.6734},
    {"rank": 49, "name": "Birmingham-Hoover", "city": "Birmingham", "state": "AL", "population": 1115289, "lat": 33.5207, "lon": -86.8025},
    {"rank": 50, "name": "Buffalo-Cheektowaga-Niagara Falls", "city": "Buffalo", "state": "NY", "population": 1166902, "lat": 42.8864, "lon": -78.8784},
    {"rank": 51, "name": "Rochester", "city": "Rochester", "state": "NY", "population": 1090135, "lat": 43.1566, "lon": -77.6088},
    {"rank": 52, "name": "Grand Rapids-Wyoming", "city": "Grand Rapids", "state": "MI", "population": 1069696, "lat": 42.9634, "lon": -85.6681},
    {"rank": 53, "name": "Tucson", "city": "Tucson", "state": "AZ", "population": 1043433, "lat": 32.2226, "lon": -110.9747},
    {"rank": 54, "name": "Honolulu", "city": "Honolulu", "state": "HI", "population": 1016508, "lat": 21.3069, "lon": -157.8583},
    {"rank": 55, "name": "Tulsa", "city": "Tulsa", "state": "OK", "population": 1015331, "lat": 36.154, "lon": -95.9928},
    {"rank": 56, "name": "Fresno", "city": "Fresno", "state": "CA", "population": 1008654, "lat": 36.7378, "lon": -119.7871},
    {"rank": 57, "name": "Bridgeport-Stamford-Norwalk", "city": "Stamford", "state": "CT", "population": 945438, "lat": 41.0534, "lon": -73.5387},
    {"rank": 58, "name": "Worcester", "city": "Worcester", "state": "MA", "population": 923672, "lat": 42.2626, "lon": -71.8023},
    {"rank": 59, "name": "Omaha-Council Bluffs", "city": "Omaha", "state": "NE", "population": 967604, "lat": 41.2565, "lon": -95.9345},
    {"rank": 60, "name": "Albuquerque", "city": "Albuquerque", "state": "NM", "population": 915927, "lat": 35.0844, "lon": -106.6504},
    {"rank": 61, "name": "Greenville-Anderson-Mauldin", "city": "Greenville", "state": "SC", "population": 920477, "lat": 34.8526, "lon": -82.394},
    {"rank": 62, "name": "Bakersfield", "city": "Bakersfield", "state": "CA", "population": 909235, "lat": 35.3733, "lon": -119.0187},
    {"rank": 63, "name": "Albany-Schenectady-Troy", "city": "Albany", "state": "NY", "population": 892630, "lat": 42.6526, "lon": -73.7562},
    {"rank": 64, "name": "New Haven-Milford", "city": "New Haven", "state": "CT", "population": 864835, "lat": 41.3083, "lon": -72.9279},
    {"rank": 65, "name": "McAllen-Edinburg-Mission", "city": "McAllen", "state": "TX", "population": 870781, "lat": 26.2034, "lon": -98.23},
    {"rank": 66, "name": "Knoxville", "city": "Knoxville", "state": "TN", "population": 869046, "lat": 35.9606, "lon": -83.9207},
    {"rank": 67, "name": "El Paso", "city": "El Paso", "state": "TX", "population": 865657, "lat": 31.7619, "lon": -106.485},
    {"rank": 68, "name": "Oxnard-Thousand Oaks-Ventura", "city": "Oxnard", "state": "CA", "population": 843843, "lat": 34.1975, "lon": -119.1771},
    {"rank": 69, "name": "Baton Rouge", "city": "Baton Rouge", "state": "LA", "population": 856779, "lat": 30.4515, "lon": -91.1871},
    {"rank": 70, "name": "Allentown-Bethlehem-Easton", "city": "Allentown", "state": "PA", "population": 844052, "lat": 40.6084, "lon": -75.4902},
    {"rank": 71, "name": "Columbia", "city": "Columbia", "state": "SC", "population": 838433, "lat": 34.0007, "lon": -81.0348},
    {"rank": 72, "name": "North Port-Sarasota-Bradenton", "city": "Sarasota", "state": "FL", "population": 836995, "lat": 27.3364, "lon": -82.5307},
    {"rank": 73, "name": "Dayton", "city": "Dayton", "state": "OH", "population": 814049, "lat": 39.7589, "lon": -84.1916},
    {"rank": 74, "name": "Charleston-North Charleston", "city": "Charleston", "state": "SC", "population": 802122, "lat": 32.7765, "lon": -79.9311},
    {"rank": 75, "name": "Greensboro-High Point", "city": "Greensboro", "state": "NC", "population": 771851, "lat": 36.0726, "lon": -79.792},
    {"rank": 76, "name": "Stockton-Lodi", "city": "Stockton", "state": "CA", "population": 779233, "lat": 37.9577, "lon": -121.2908},
    {"rank": 77, "name": "Cape Coral-Fort Myers", "city": "Fort Myers", "state": "FL", "population": 770577, "lat": 26.6406, "lon": -81.8723},
    {"rank": 78, "name": "Colorado Springs", "city": "Colorado Springs", "state": "CO", "population": 755105, "lat": 38.8339, "lon": -104.8214},
    {"rank": 79, "name": "Little Rock-North Little Rock-Conway", "city": "Little Rock", "state": "AR", "population": 748031, "lat": 34.7465, "lon": -92.2896},
    {"rank": 80, "name": "Boise City", "city": "Boise", "state": "ID", "population": 749202, "lat": 43.615, "lon": -116.2023},
    {"rank": 81, "name": "Lakeland-Winter Haven", "city": "Lakeland", "state": "FL", "population": 724777, "lat": 28.0395, "lon": -81.9498},
    {"rank": 82, "name": "Akron", "city": "Akron", "state": "OH", "population": 703286, "lat": 41.0814, "lon": -81.519},
    {"rank": 83, "name": "Des Moines-West Des Moines", "city": "Des Moines", "state": "IA", "population": 699292, "lat": 41.5868, "lon": -93.625},
    {"rank": 84, "name": "Springfield", "city": "Springfield", "state": "MA", "population": 699162, "lat": 42.1015, "lon": -72.5898},
    {"rank": 85, "name": "Provo-Orem", "city": "Provo", "state": "UT", "population": 676498, "lat": 40.2338, "lon": -111.6585},
    {"rank": 86, "name": "Ogden-Clearfield", "city": "Ogden", "state": "UT", "population": 672622, "lat": 41.223, "lon": -111.9738},
    {"rank": 87, "name": "Winston-Salem", "city": "Winston-Salem", "state": "NC", "population": 676057, "lat": 36.0999, "lon": -80.2442},
    {"rank": 88, "name": "Madison", "city": "Madison", "state": "WI", "population": 680796, "lat": 43.0731, "lon": -89.4012},
    {"rank": 89, "name": "Syracuse", "city": "Syracuse", "state": "NY", "population": 650502, "lat": 43.0481, "lon": -76.1474},
    {"rank": 90, "name": "Deltona-Daytona Beach-Ormond Beach", "city": "Daytona Beach", "state": "FL", "population": 658961, "lat": 29.2108, "lon": -81.0228},
    {"rank": 91, "name": "Wichita", "city": "Wichita", "state": "KS", "population": 647610, "lat": 37.6872, "lon": -97.3301},
    {"rank": 92, "name": "Toledo", "city": "Toledo", "state": "OH", "population": 643724, "lat": 41.6528, "lon": -83.5379},
    {"rank": 93, "name": "Palm Bay-Melbourne-Titusville", "city": "Melbourne", "state": "FL", "population": 601942, "lat": 28.0836, "lon": -80.6081},
    {"rank": 94, "name": "Durham-Chapel Hill", "city": "Durham", "state": "NC", "population": 644367, "lat": 35.994, "lon": -78.8986},
    {"rank": 95, "name": "Harrisburg-Carlisle", "city": "Harrisburg", "state": "PA", "population": 591712, "lat": 40.2732, "lon": -76.8867},
    {"rank": 96, "name": "Scranton-Wilkes-Barre-Hazleton", "city": "Scranton", "state": "PA", "population": 570271, "lat": 41.4089, "lon": -75.6624},
    {"rank": 97, "name": "Augusta-Richmond County", "city": "Augusta", "state": "GA", "population": 611000, "lat": 33.4735, "lon": -82.0105},
    {"rank": 98, "name": "Chattanooga", "city": "Chattanooga", "state": "TN", "population": 561055, "lat": 35.0456, "lon": -85.3097},
    {"rank": 99, "name": "Spokane-Spokane Valley", "city": "Spokane", "state": "WA", "population": 573493, "lat": 47.6588, "lon": -117.426},
    {"rank": 100, "name": "Modesto", "city": "Modesto", "state": "CA", "population": 552878, "lat": 37.6391, "lon": -120.9969},
    {"rank": 101, "name": "Fayetteville-Springdale-Rogers", "city": "Fayetteville", "state": "AR", "population": 534904, "lat": 36.0822, "lon": -94.1719},
    {"rank": 102, "name": "Lancaster", "city": "Lancaster", "state": "PA", "population": 552984, "lat": 40.0379, "lon": -76.3055},
    {"rank": 103, "name": "Youngstown-Warren-Boardman", "city": "Youngstown", "state": "OH", "population": 541243, "lat": 41.0998, "lon": -80.6495},
    {"rank": 104, "name": "Lexington-Fayette", "city": "Lexington", "state": "KY", "population": 516697, "lat": 38.0406, "lon": -84.5037},
    {"rank": 105, "name": "Pensacola-Ferry Pass-Brent", "city": "Pensacola", "state": "FL", "population": 511498, "lat": 30.4213, "lon": -87.2169},
    {"rank": 106, "name": "Santa Rosa", "city": "Santa Rosa", "state": "CA", "population": 499942, "lat": 38.4404, "lon": -122.7141},
    {"rank": 107, "name": "Port St. Lucie", "city": "Port St. Lucie", "state": "FL", "population": 498766, "lat": 27.2939, "lon": -80.3503},
    {"rank": 108, "name": "Huntsville", "city": "Huntsville", "state": "AL", "population": 502728, "lat": 34.7304, "lon": -86.5861},
    {"rank": 109, "name": "Asheville", "city": "Asheville", "state": "NC", "population": 469015, "lat": 35.5951, "lon": -82.5515},
    {"rank": 110, "name": "Killeen-Temple", "city": "Killeen", "state": "TX", "population": 475367, "lat": 31.1171, "lon": -97.7278},
    {"rank": 111, "name": "Reno", "city": "Reno", "state": "NV", "population": 490486, "lat": 39.5296, "lon": -119.8138},
    {"rank": 112, "name": "Corpus Christi", "city": "Corpus Christi", "state": "TX", "population": 470219, "lat": 27.8006, "lon": -97.3964},
    {"rank": 113, "name": "Savannah", "city": "Savannah", "state": "GA", "population": 404798, "lat": 32.0809, "lon": -81.0912},
    {"rank": 114, "name": "Fort Wayne", "city": "Fort Wayne", "state": "IN", "population": 423505, "lat": 41.0793, "lon": -85.1394},
    {"rank": 115, "name": "Santa Maria-Santa Barbara", "city": "Santa Barbara", "state": "CA", "population": 444769, "lat": 34.4208, "lon": -119.6982},
    {"rank": 116, "name": "Ann Arbor", "city": "Ann Arbor", "state": "MI", "population": 368385, "lat": 42.2808, "lon": -83.743},
    {"rank": 117, "name": "Mobile", "city": "Mobile", "state": "AL", "population": 429536, "lat": 30.6954, "lon": -88.0399},
    {"rank": 118, "name": "Gulfport-Biloxi-Pascagoula", "city": "Biloxi", "state": "MS", "population": 397942, "lat": 30.3960, "lon": -88.8853},
    {"rank": 119, "name": "Shreveport-Bossier City", "city": "Shreveport", "state": "LA", "population": 397590, "lat": 32.5252, "lon": -93.7502},
    {"rank": 120, "name": "Salinas", "city": "Salinas", "state": "CA", "population": 439035, "lat": 36.6777, "lon": -121.6555},
    {"rank": 121, "name": "Brownsville-Harlingen", "city": "Brownsville", "state": "TX", "population": 423163, "lat": 25.9017, "lon": -97.4975},
    {"rank": 122, "name": "Reading", "city": "Reading", "state": "PA", "population": 428849, "lat": 40.3356, "lon": -75.9269},
    {"rank": 123, "name": "Flint", "city": "Flint", "state": "MI", "population": 406892, "lat": 43.0125, "lon": -83.6875},
    {"rank": 124, "name": "Canton-Massillon", "city": "Canton", "state": "OH", "population": 401574, "lat": 40.7989, "lon": -81.3784},
    {"rank": 125, "name": "Anchorage", "city": "Anchorage", "state": "AK", "population": 398328, "lat": 61.2181, "lon": -149.9003},
    {"rank": 126, "name": "Davenport-Moline-Rock Island", "city": "Davenport", "state": "IA", "population": 383781, "lat": 41.5236, "lon": -90.5776},
    {"rank": 127, "name": "Beaumont-Port Arthur", "city": "Beaumont", "state": "TX", "population": 398998, "lat": 30.0802, "lon": -94.1266},
    {"rank": 128, "name": "Visalia-Porterville", "city": "Visalia", "state": "CA", "population": 473117, "lat": 36.3302, "lon": -119.2921},
    {"rank": 129, "name": "Fayetteville", "city": "Fayetteville", "state": "NC", "population": 385552, "lat": 35.0527, "lon": -78.8784},
    {"rank": 130, "name": "Peoria", "city": "Peoria", "state": "IL", "population": 403747, "lat": 40.6936, "lon": -89.589},
    {"rank": 131, "name": "Eugene", "city": "Eugene", "state": "OR", "population": 382067, "lat": 44.0521, "lon": -123.0868},
    {"rank": 132, "name": "Tallahassee", "city": "Tallahassee", "state": "FL", "population": 387227, "lat": 30.4383, "lon": -84.2807},
    {"rank": 133, "name": "Lansing-East Lansing", "city": "Lansing", "state": "MI", "population": 483468, "lat": 42.7325, "lon": -84.5555},
    {"rank": 134, "name": "Hickory-Lenoir-Morganton", "city": "Hickory", "state": "NC", "population": 368448, "lat": 35.7333, "lon": -81.3412},
    {"rank": 135, "name": "Montgomery", "city": "Montgomery", "state": "AL", "population": 374536, "lat": 32.3668, "lon": -86.3},
    {"rank": 136, "name": "Ocala", "city": "Ocala", "state": "FL", "population": 365579, "lat": 29.1872, "lon": -82.1401},
    {"rank": 137, "name": "Lubbock", "city": "Lubbock", "state": "TX", "population": 322257, "lat": 33.5779, "lon": -101.8552},
    {"rank": 138, "name": "Spartanburg", "city": "Spartanburg", "state": "SC", "population": 327860, "lat": 34.9496, "lon": -81.9320},
    {"rank": 139, "name": "York-Hanover", "city": "York", "state": "PA", "population": 449058, "lat": 39.9626, "lon": -76.7277},
    {"rank": 140, "name": "Salem", "city": "Salem", "state": "OR", "population": 433353, "lat": 44.9429, "lon": -123.0351},
    {"rank": 141, "name": "Clarksville", "city": "Clarksville", "state": "TN", "population": 304584, "lat": 36.5298, "lon": -87.3595},
    {"rank": 142, "name": "Amarillo", "city": "Amarillo", "state": "TX", "population": 268627, "lat": 35.222, "lon": -101.8313},
    {"rank": 143, "name": "Evansville", "city": "Evansville", "state": "IN", "population": 315186, "lat": 37.9716, "lon": -87.5711},
    {"rank": 144, "name": "Myrtle Beach-Conway-North Myrtle Beach", "city": "Myrtle Beach", "state": "SC", "population": 480891, "lat": 33.6891, "lon": -78.8867},
    {"rank": 145, "name": "Trenton", "city": "Trenton", "state": "NJ", "population": 367430, "lat": 40.2206, "lon": -74.7597},
    {"rank": 146, "name": "Kalamazoo-Portage", "city": "Kalamazoo", "state": "MI", "population": 264322, "lat": 42.2917, "lon": -85.5872},
    {"rank": 147, "name": "Gainesville", "city": "Gainesville", "state": "FL", "population": 329128, "lat": 29.6516, "lon": -82.3248},
    {"rank": 148, "name": "Waco", "city": "Waco", "state": "TX", "population": 277006, "lat": 31.5493, "lon": -97.1467},
    {"rank": 149, "name": "South Bend-Mishawaka", "city": "South Bend", "state": "IN", "population": 324501, "lat": 41.6764, "lon": -86.2520},
    {"rank": 150, "name": "Olympia-Tumwater", "city": "Olympia", "state": "WA", "population": 299609, "lat": 47.0379, "lon": -122.9007},
    {"rank": 151, "name": "Fort Collins", "city": "Fort Collins", "state": "CO", "population": 359066, "lat": 40.5853, "lon": -105.0844},
    {"rank": 152, "name": "College Station-Bryan", "city": "College Station", "state": "TX", "population": 273099, "lat": 30.6280, "lon": -96.3344},
    {"rank": 153, "name": "Duluth", "city": "Duluth", "state": "MN", "population": 289676, "lat": 46.7867, "lon": -92.1005},
    {"rank": 154, "name": "Springfield", "city": "Springfield", "state": "MO", "population": 469647, "lat": 37.2090, "lon": -93.2923},
    {"rank": 155, "name": "Naples-Immokalee-Marco Island", "city": "Naples", "state": "FL", "population": 395351, "lat": 26.1420, "lon": -81.7948},
    {"rank": 156, "name": "Green Bay", "city": "Green Bay", "state": "WI", "population": 320327, "lat": 44.5133, "lon": -88.0133},
    {"rank": 157, "name": "Lincoln", "city": "Lincoln", "state": "NE", "population": 340217, "lat": 40.8258, "lon": -96.6852},
    {"rank": 158, "name": "Topeka", "city": "Topeka", "state": "KS", "population": 232594, "lat": 39.0473, "lon": -95.6752},
    {"rank": 159, "name": "Rockford", "city": "Rockford", "state": "IL", "population": 339287, "lat": 42.2711, "lon": -89.0940},
    {"rank": 160, "name": "Huntington-Ashland", "city": "Huntington", "state": "WV", "population": 362364, "lat": 38.4192, "lon": -82.4452},
    {"rank": 161, "name": "Boulder", "city": "Boulder", "state": "CO", "population": 330758, "lat": 40.0150, "lon": -105.2705},
    {"rank": 162, "name": "Greeley", "city": "Greeley", "state": "CO", "population": 336560, "lat": 40.4233, "lon": -104.7091},
    {"rank": 163, "name": "Crestview-Fort Walton Beach-Destin", "city": "Fort Walton Beach", "state": "FL", "population": 281731, "lat": 30.4058, "lon": -86.6189},
    {"rank": 164, "name": "Kennewick-Richland", "city": "Kennewick", "state": "WA", "population": 305946, "lat": 46.2112, "lon": -119.1372},
    {"rank": 165, "name": "Wilmington", "city": "Wilmington", "state": "NC", "population": 293339, "lat": 34.2257, "lon": -77.9447},
    {"rank": 166, "name": "Saginaw", "city": "Saginaw", "state": "MI", "population": 189765, "lat": 43.4195, "lon": -83.9508},
    {"rank": 167, "name": "Denton-Lewisville", "city": "Denton", "state": "TX", "population": 953180, "lat": 33.2148, "lon": -97.1331},
    {"rank": 168, "name": "Fargo", "city": "Fargo", "state": "ND", "population": 258359, "lat": 46.8772, "lon": -96.7898},
    {"rank": 169, "name": "Atlantic City-Hammonton", "city": "Atlantic City", "state": "NJ", "population": 263670, "lat": 39.3643, "lon": -74.4229},
    {"rank": 170, "name": "Jackson", "city": "Jackson", "state": "MS", "population": 568200, "lat": 32.2988, "lon": -90.1848},
    {"rank": 171, "name": "Sioux Falls", "city": "Sioux Falls", "state": "SD", "population": 276730, "lat": 43.5460, "lon": -96.7313},
    {"rank": 172, "name": "Appleton", "city": "Appleton", "state": "WI", "population": 239681, "lat": 44.2619, "lon": -88.4154},
    {"rank": 173, "name": "Lafayette", "city": "Lafayette", "state": "LA", "population": 480587, "lat": 30.2241, "lon": -92.0198},
    {"rank": 174, "name": "Cedar Rapids", "city": "Cedar Rapids", "state": "IA", "population": 273032, "lat": 41.9779, "lon": -91.6656},
    {"rank": 175, "name": "Hagerstown-Martinsburg", "city": "Hagerstown", "state": "MD", "population": 285979, "lat": 39.6418, "lon": -77.7200},
    {"rank": 176, "name": "Roanoke", "city": "Roanoke", "state": "VA", "population": 314362, "lat": 37.2710, "lon": -79.9414},
    {"rank": 177, "name": "Erie", "city": "Erie", "state": "PA", "population": 270876, "lat": 42.1292, "lon": -80.0851},
    {"rank": 178, "name": "Champaign-Urbana", "city": "Champaign", "state": "IL", "population": 247895, "lat": 40.1164, "lon": -88.2434},
    {"rank": 179, "name": "Santa Cruz-Watsonville", "city": "Santa Cruz", "state": "CA", "population": 266564, "lat": 36.9741, "lon": -122.0308},
    {"rank": 180, "name": "Merced", "city": "Merced", "state": "CA", "population": 286461, "lat": 37.3022, "lon": -120.4830},
    {"rank": 181, "name": "Medford", "city": "Medford", "state": "OR", "population": 223259, "lat": 42.3265, "lon": -122.8756},
    {"rank": 182, "name": "Punta Gorda", "city": "Punta Gorda", "state": "FL", "population": 193553, "lat": 26.9298, "lon": -82.0454},
    {"rank": 183, "name": "Pueblo", "city": "Pueblo", "state": "CO", "population": 168410, "lat": 38.2544, "lon": -104.6091},
    {"rank": 184, "name": "Lafayette-West Lafayette", "city": "Lafayette", "state": "IN", "population": 228271, "lat": 40.4167, "lon": -86.8753},
    {"rank": 185, "name": "Bremerton-Silverdale", "city": "Bremerton", "state": "WA", "population": 277673, "lat": 47.5673, "lon": -122.6326},
    {"rank": 186, "name": "Springfield", "city": "Springfield", "state": "IL", "population": 208182, "lat": 39.7817, "lon": -89.6501},
    {"rank": 187, "name": "Gainesville", "city": "Gainesville", "state": "GA", "population": 213252, "lat": 34.2979, "lon": -83.8241},
    {"rank": 188, "name": "Chico", "city": "Chico", "state": "CA", "population": 219186, "lat": 39.7285, "lon": -121.8375},
    {"rank": 189, "name": "Las Cruces", "city": "Las Cruces", "state": "NM", "population": 218195, "lat": 32.3199, "lon": -106.7637},
    {"rank": 190, "name": "Houma-Thibodaux", "city": "Houma", "state": "LA", "population": 211185, "lat": 29.5958, "lon": -90.7195},
    {"rank": 191, "name": "Tyler", "city": "Tyler", "state": "TX", "population": 232751, "lat": 32.3513, "lon": -95.3011},
    {"rank": 192, "name": "Longview", "city": "Longview", "state": "TX", "population": 219558, "lat": 32.5007, "lon": -94.7405},
    {"rank": 193, "name": "Lake Charles", "city": "Lake Charles", "state": "LA", "population": 217291, "lat": 30.2266, "lon": -93.2174},
    {"rank": 194, "name": "Warner Robins", "city": "Warner Robins", "state": "GA", "population": 199075, "lat": 32.6130, "lon": -83.6524},
    {"rank": 195, "name": "Laredo", "city": "Laredo", "state": "TX", "population": 267114, "lat": 27.5306, "lon": -99.4803},
    {"rank": 196, "name": "Billings", "city": "Billings", "state": "MT", "population": 184167, "lat": 45.7833, "lon": -108.5007},
    {"rank": 197, "name": "Norwich-New London", "city": "New London", "state": "CT", "population": 266868, "lat": 41.3557, "lon": -72.0995},
    {"rank": 198, "name": "Utica-Rome", "city": "Utica", "state": "NY", "population": 290074, "lat": 43.1009, "lon": -75.2327},
    {"rank": 199, "name": "Barnstable Town", "city": "Cape Cod", "state": "MA", "population": 226595, "lat": 41.7003, "lon": -70.3002},
    {"rank": 200, "name": "Lynchburg", "city": "Lynchburg", "state": "VA", "population": 263862, "lat": 37.4138, "lon": -79.1422},
    {"rank": 201, "name": "Charlottesville", "city": "Charlottesville", "state": "VA", "population": 258384, "lat": 38.0293, "lon": -78.4767},
    {"rank": 202, "name": "Binghamton", "city": "Binghamton", "state": "NY", "population": 239698, "lat": 42.0987, "lon": -75.9180},
    {"rank": 203, "name": "Redding", "city": "Redding", "state": "CA", "population": 180531, "lat": 40.5865, "lon": -122.3917},
    {"rank": 204, "name": "Macon-Bibb County", "city": "Macon", "state": "GA", "population": 228914, "lat": 32.8407, "lon": -83.6324},
    {"rank": 205, "name": "Yuma", "city": "Yuma", "state": "AZ", "population": 203247, "lat": 32.6927, "lon": -114.6277},
    {"rank": 206, "name": "Yakima", "city": "Yakima", "state": "WA", "population": 256728, "lat": 46.6021, "lon": -120.5059},
    {"rank": 207, "name": "Bend-Redmond", "city": "Bend", "state": "OR", "population": 198253, "lat": 44.0582, "lon": -121.3153},
    {"rank": 208, "name": "Burlington-South Burlington", "city": "Burlington", "state": "VT", "population": 225262, "lat": 44.4759, "lon": -73.2121},
    {"rank": 209, "name": "Tuscaloosa", "city": "Tuscaloosa", "state": "AL", "population": 253028, "lat": 33.2098, "lon": -87.5692},
    {"rank": 210, "name": "Bloomington", "city": "Bloomington", "state": "IL", "population": 192114, "lat": 40.4842, "lon": -88.9937},
    {"rank": 211, "name": "Waterloo-Cedar Falls", "city": "Waterloo", "state": "IA", "population": 168667, "lat": 42.4928, "lon": -92.3426},
    {"rank": 212, "name": "Terre Haute", "city": "Terre Haute", "state": "IN", "population": 171195, "lat": 39.4667, "lon": -87.4139},
    {"rank": 213, "name": "St. Cloud", "city": "St. Cloud", "state": "MN", "population": 203164, "lat": 45.5579, "lon": -94.1632},
    {"rank": 214, "name": "Sebastian-Vero Beach", "city": "Vero Beach", "state": "FL", "population": 159923, "lat": 27.6386, "lon": -80.3973},
    {"rank": 215, "name": "Monroe", "city": "Monroe", "state": "LA", "population": 176795, "lat": 32.5093, "lon": -92.1193},
    {"rank": 216, "name": "Janesville-Beloit", "city": "Janesville", "state": "WI", "population": 163687, "lat": 42.6828, "lon": -89.0187},
    {"rank": 217, "name": "Prescott", "city": "Prescott", "state": "AZ", "population": 247370, "lat": 34.5400, "lon": -112.4685},
    {"rank": 218, "name": "Bellingham", "city": "Bellingham", "state": "WA", "population": 229247, "lat": 48.7519, "lon": -122.4787},
    {"rank": 219, "name": "St. George", "city": "St. George", "state": "UT", "population": 189899, "lat": 37.0965, "lon": -113.5684},
    {"rank": 220, "name": "Abilene", "city": "Abilene", "state": "TX", "population": 174613, "lat": 32.4487, "lon": -99.7331},
    {"rank": 221, "name": "Odessa", "city": "Odessa", "state": "TX", "population": 164302, "lat": 31.8457, "lon": -102.3676},
    {"rank": 222, "name": "Midland", "city": "Midland", "state": "TX", "population": 175040, "lat": 31.9973, "lon": -102.0779},
    {"rank": 223, "name": "Johnson City", "city": "Johnson City", "state": "TN", "population": 205956, "lat": 36.3134, "lon": -82.3535},
    {"rank": 224, "name": "Kingsport-Bristol-Bristol", "city": "Kingsport", "state": "TN", "population": 307347, "lat": 36.5484, "lon": -82.5618},
    {"rank": 225, "name": "State College", "city": "State College", "state": "PA", "population": 163861, "lat": 40.7934, "lon": -77.8600},
    {"rank": 226, "name": "Rochester", "city": "Rochester", "state": "MN", "population": 226477, "lat": 44.0121, "lon": -92.4802},
    {"rank": 227, "name": "Wausau", "city": "Wausau", "state": "WI", "population": 135693, "lat": 44.9591, "lon": -89.6301},
    {"rank": 228, "name": "Dover", "city": "Dover", "state": "DE", "population": 187095, "lat": 39.1582, "lon": -75.5244},
    {"rank": 229, "name": "Athens-Clarke County", "city": "Athens", "state": "GA", "population": 214483, "lat": 33.9519, "lon": -83.3576},
    {"rank": 230, "name": "Panama City", "city": "Panama City", "state": "FL", "population": 175216, "lat": 30.1588, "lon": -85.6602},
    {"rank": 231, "name": "Joplin", "city": "Joplin", "state": "MO", "population": 178638, "lat": 37.0842, "lon": -94.5133},
    {"rank": 232, "name": "Columbia", "city": "Columbia", "state": "MO", "population": 207753, "lat": 38.9517, "lon": -92.3341},
    {"rank": 233, "name": "San Luis Obispo-Paso Robles-Arroyo Grande", "city": "San Luis Obispo", "state": "CA", "population": 283111, "lat": 35.2828, "lon": -120.6596},
    {"rank": 234, "name": "Wichita Falls", "city": "Wichita Falls", "state": "TX", "population": 150780, "lat": 33.9137, "lon": -98.4934},
    {"rank": 235, "name": "Eau Claire", "city": "Eau Claire", "state": "WI", "population": 171408, "lat": 44.8113, "lon": -91.4985},
    {"rank": 236, "name": "Florence", "city": "Florence", "state": "SC", "population": 209014, "lat": 34.1954, "lon": -79.7626},
    {"rank": 237, "name": "Madera", "city": "Madera", "state": "CA", "population": 157327, "lat": 36.9613, "lon": -120.0607},
    {"rank": 238, "name": "Valdosta", "city": "Valdosta", "state": "GA", "population": 150051, "lat": 30.8327, "lon": -83.2785},
    {"rank": 239, "name": "Burlington", "city": "Burlington", "state": "NC", "population": 168397, "lat": 36.0957, "lon": -79.4378},
    {"rank": 240, "name": "Bloomington", "city": "Bloomington", "state": "IN", "population": 177935, "lat": 39.1653, "lon": -86.5264},
    {"rank": 241, "name": "Decatur", "city": "Decatur", "state": "IL", "population": 104009, "lat": 39.8403, "lon": -88.9548},
    {"rank": 242, "name": "Alexandria", "city": "Alexandria", "state": "LA", "population": 152099, "lat": 31.3113, "lon": -92.4451},
    {"rank": 243, "name": "Texarkana", "city": "Texarkana", "state": "TX", "population": 149893, "lat": 33.4418, "lon": -94.0477},
    {"rank": 244, "name": "Dothan", "city": "Dothan", "state": "AL", "population": 152221, "lat": 31.2232, "lon": -85.3905},
    {"rank": 245, "name": "Bowling Green", "city": "Bowling Green", "state": "KY", "population": 180830, "lat": 36.9685, "lon": -86.4808},
    {"rank": 246, "name": "La Crosse-Onalaska", "city": "La Crosse", "state": "WI", "population": 137506, "lat": 43.8014, "lon": -91.2396},
    {"rank": 247, "name": "Racine", "city": "Racine", "state": "WI", "population": 196584, "lat": 42.7261, "lon": -87.7829},
    {"rank": 248, "name": "Elizabethtown-Fort Knox", "city": "Elizabethtown", "state": "KY", "population": 159355, "lat": 37.6939, "lon": -85.8591},
    {"rank": 249, "name": "Springfield", "city": "Springfield", "state": "OH", "population": 136066, "lat": 39.9242, "lon": -83.8088},
    {"rank": 250, "name": "Ithaca", "city": "Ithaca", "state": "NY", "population": 102793, "lat": 42.4440, "lon": -76.5019}
  ]
}







